,complexity,loss,equation,score,sympy_format,lambda_format,equation_named
0,1,24.210487,3.5767784,0.0,3.57677840000000,PySRFunction(X=>3.57677840000000),3.5767784
1,2,23.070421,sqrt(x2),0.048234565575207666,sqrt(x2),PySRFunction(X=>sqrt(x2)),sqrt(Tv_C)
2,3,16.55728,x0 * 0.00072562904,0.3317254365684534,x0*0.00072562904,PySRFunction(X=>x0*0.00072562904),AUC_wet * 0.00072562904
3,5,15.164504,x0 * (x2 * 2.592701e-5),0.04393422527194092,x0*x2*2.592701e-5,PySRFunction(X=>x0*x2*2.592701e-5),AUC_wet * (Tv_C * 2.592701e-5)
4,6,14.282979,exp((x2 * 6.9038697e-6) * x0),0.0598888851147379,exp(x2*6.9038697e-6*x0),PySRFunction(X=>exp(x2*6.9038697e-6*x0)),exp((Tv_C * 6.9038697e-6) * AUC_wet)
5,7,14.037803,(x0 * exp(sqrt(x2))) * 3.2223575e-6,0.017314643728378154,3.2223575e-6*x0*exp(sqrt(x2)),PySRFunction(X=>3.2223575e-6*x0*exp(sqrt(x2))),(AUC_wet * exp(sqrt(Tv_C))) * 3.2223575e-6
6,8,13.845267,exp(x2 * 0.10977389) * (x0 * 2.7613296e-5),0.013810463494294385,exp(x2*0.10977389)*x0*2.7613296e-5,PySRFunction(X=>exp(x2*0.10977389)*x0*2.7613296e-5),exp(Tv_C * 0.10977389) * (AUC_wet * 2.7613296e-5)
7,9,12.966438,((sqrt(exp(x2)) * 1.9630663e-11) - -0.0005638433) * x0,0.06557911453803125,x0*(1.9630663e-11*sqrt(exp(x2)) + 0.0005638433),PySRFunction(X=>x0*(1.9630663e-11*sqrt(exp(x2)) + 0.0005638433)),((sqrt(exp(Tv_C)) * 1.9630663e-11) - -0.0005638433) * AUC_wet
8,10,12.873496,((exp(x2 * 0.38947007) * 1.0581703e-9) - -0.0005131118) * x0,0.007193702647000212,x0*(exp(x2*0.38947007)*1.0581703e-9 - 1*(-0.0005131118)),PySRFunction(X=>x0*(exp(x2*0.38947007)*1.0581703e-9 - 1*(-0.0005131118))),((exp(Tv_C * 0.38947007) * 1.0581703e-9) - -0.0005131118) * AUC_wet
9,11,12.117414,x0 * (((x0 * sqrt(exp(x2))) * 2.3474586e-15) - -0.0005436563),0.06052703265365371,x0*(2.3474586e-15*x0*sqrt(exp(x2)) + 0.0005436563),PySRFunction(X=>x0*(2.3474586e-15*x0*sqrt(exp(x2)) + 0.0005436563)),AUC_wet * (((AUC_wet * sqrt(exp(Tv_C))) * 2.3474586e-15) - -0.0005436563)
10,12,11.113955,((exp(x2) * (2.5841995e-18 / (x1 + -87.88509))) - -0.0006804936) * x0,0.08644206563644072,x0*(-1*(-0.0006804936) + exp(x2)*2.5841995e-18/(x1 - 87.88509)),PySRFunction(X=>x0*(-1*(-0.0006804936) + exp(x2)*2.5841995e-18/(x1 - 87.88509))),((exp(Tv_C) * (2.5841995e-18 / (h*Pr + -87.88509))) - -0.0006804936) * AUC_wet
11,14,10.978689,x0 * ((exp((x2 * 0.41057077) - (x5 / x4)) * 3.905754e-10) - -0.0004972548),0.006122747928297556,x0*(exp(x2*0.41057077 - x5/x4)*3.905754e-10 - 1*(-0.0004972548)),PySRFunction(X=>x0*(exp(x2*0.41057077 - x5/x4)*3.905754e-10 - 1*(-0.0004972548))),AUC_wet * ((exp((Tv_C * 0.41057077) - (u*VPD / VPD*WS)) * 3.905754e-10) - -0.0004972548)
12,15,10.679951,((x0 * (sqrt(exp(x2 - (x5 / x4))) * 2.180252e-15)) - -0.0005339137) * x0,0.027587784539121085,x0*(2.180252e-15*x0*sqrt(exp(x2 - x5/x4)) + 0.0005339137),PySRFunction(X=>x0*(2.180252e-15*x0*sqrt(exp(x2 - x5/x4)) + 0.0005339137)),((AUC_wet * (sqrt(exp(Tv_C - (u*VPD / VPD*WS))) * 2.180252e-15)) - -0.0005339137) * AUC_wet
13,16,9.903676,x0 * (((x0 * 4.6026974e-15) * exp((x2 * 0.47369006) - (x5 / x4))) - -0.0005233886),0.07546224415434591,x0*(x0*4.6026974e-15*exp(x2*0.47369006 - x5/x4) - 1*(-0.0005233886)),PySRFunction(X=>x0*(x0*4.6026974e-15*exp(x2*0.47369006 - x5/x4) - 1*(-0.0005233886))),AUC_wet * (((AUC_wet * 4.6026974e-15) * exp((Tv_C * 0.47369006) - (u*VPD / VPD*WS))) - -0.0005233886)
14,18,9.06313,(((exp(x2 - ((x5 / x4) / 0.34708658)) / (x1 + -55.193684)) * 3.5606506e-18) - -0.0006636317) * x0,0.04434573317311788,x0*(-1*(-0.0006636317) + exp(x2 - x5/(0.34708658*x4))*3.5606506e-18/(x1 - 55.193684)),PySRFunction(X=>x0*(-1*(-0.0006636317) + exp(x2 - x5/(0.34708658*x4))*3.5606506e-18/(x1 - 55.193684))),(((exp(Tv_C - ((u*VPD / VPD*WS) / 0.34708658)) / (h*Pr + -55.193684)) * 3.5606506e-18) - -0.0006636317) * AUC_wet
15,20,8.510815,((((exp((x2 * 0.46483523) - (x5 / x4)) * 1.3566247e-8) + -0.04074552) / (x4 + x1)) - -0.0007115583) * x0,0.031438413661787686,x0*(-1*(-0.0007115583) + (exp(x2*0.46483523 - x5/x4)*1.3566247e-8 - 0.04074552)/(x1 + x4)),PySRFunction(X=>x0*(-1*(-0.0007115583) + (exp(x2*0.46483523 - x5/x4)*1.3566247e-8 - 0.04074552)/(x1 + x4))),((((exp((Tv_C * 0.46483523) - (u*VPD / VPD*WS)) * 1.3566247e-8) + -0.04074552) / (VPD*WS + h*Pr)) - -0.0007115583) * AUC_wet
16,22,7.780128,((((exp((x2 * 0.5378179) - (x5 / x4)) * 9.538688e-14) + -3.946411e-6) * (x0 / (x1 + x4))) - -0.00071055273) * x0,0.044882458592632936,x0*(x0*(exp(x2*0.5378179 - x5/x4)*9.538688e-14 - 3.946411e-6)/(x1 + x4) - 1*(-0.00071055273)),PySRFunction(X=>x0*(x0*(exp(x2*0.5378179 - x5/x4)*9.538688e-14 - 3.946411e-6)/(x1 + x4) - 1*(-0.00071055273))),((((exp((Tv_C * 0.5378179) - (u*VPD / VPD*WS)) * 9.538688e-14) + -3.946411e-6) * (AUC_wet / (h*Pr + VPD*WS))) - -0.00071055273) * AUC_wet
17,24,7.5958834,((((((exp((x2 * 0.5254083) - (x5 / x4)) * 1.4003001e-17) + -4.1477533e-10) / (x1 + x4)) * x0) * x0) - -0.000732971) * x0,0.011983173924601558,x0*(x0*x0*(exp(x2*0.5254083 - x5/x4)*1.4003001e-17 - 4.1477533e-10)/(x1 + x4) - 1*(-0.000732971)),PySRFunction(X=>x0*(x0*x0*(exp(x2*0.5254083 - x5/x4)*1.4003001e-17 - 4.1477533e-10)/(x1 + x4) - 1*(-0.000732971))),((((((exp((Tv_C * 0.5254083) - (u*VPD / VPD*WS)) * 1.4003001e-17) + -4.1477533e-10) / (h*Pr + VPD*WS)) * AUC_wet) * AUC_wet) - -0.000732971) * AUC_wet
18,26,7.3784304,x0 * ((((((exp((x2 * 0.5500258) - (x5 / x4)) * 9.057036e-18) * x0) + -4.656023e-6) * x0) / (x1 + (x4 / 0.27956983))) - -0.0007177811),0.014522754791292879,x0*(x0*(exp(x2*0.5500258 - x5/x4)*9.057036e-18*x0 - 4.656023e-6)/(x1 + x4/0.27956983) - 1*(-0.0007177811)),PySRFunction(X=>x0*(x0*(exp(x2*0.5500258 - x5/x4)*9.057036e-18*x0 - 4.656023e-6)/(x1 + x4/0.27956983) - 1*(-0.0007177811))),AUC_wet * ((((((exp((Tv_C * 0.5500258) - (u*VPD / VPD*WS)) * 9.057036e-18) * AUC_wet) + -4.656023e-6) * AUC_wet) / (h*Pr + (VPD*WS / 0.27956983))) - -0.0007177811)
19,27,7.1167917,x0 * ((x0 * (((exp((x2 * 0.5426245) - (x5 / x4)) * 9.410843e-14) + -4.9412993e-6) / ((9.410843e-14 / exp(x5)) + (x4 + x1)))) - -0.00072294293),0.0361039131264905,x0*(x0*(exp(x2*0.5426245 - x5/x4)*9.410843e-14 - 4.9412993e-6)/(x1 + x4 + 9.410843e-14/exp(x5)) - 1*(-0.00072294293)),PySRFunction(X=>x0*(x0*(exp(x2*0.5426245 - x5/x4)*9.410843e-14 - 4.9412993e-6)/(x1 + x4 + 9.410843e-14/exp(x5)) - 1*(-0.00072294293))),AUC_wet * ((AUC_wet * (((exp((Tv_C * 0.5426245) - (u*VPD / VPD*WS)) * 9.410843e-14) + -4.9412993e-6) / ((9.410843e-14 / exp(u*VPD)) + (VPD*WS + h*Pr)))) - -0.00072294293)
20,29,6.8418756,((((((x0 * exp((x2 * 0.5460553) - (x5 / x4))) * 7.462564e-18) + -4.9412943e-6) * x0) / ((8.1886544e-14 / exp(x5)) + (x1 + x4))) - -0.0007630652) * x0,0.019697557683450266,x0*(x0*(x0*exp(x2*0.5460553 - x5/x4)*7.462564e-18 - 4.9412943e-6)/(x1 + x4 + 8.1886544e-14/exp(x5)) - 1*(-0.0007630652)),PySRFunction(X=>x0*(x0*(x0*exp(x2*0.5460553 - x5/x4)*7.462564e-18 - 4.9412943e-6)/(x1 + x4 + 8.1886544e-14/exp(x5)) - 1*(-0.0007630652))),((((((AUC_wet * exp((Tv_C * 0.5460553) - (u*VPD / VPD*WS))) * 7.462564e-18) + -4.9412943e-6) * AUC_wet) / ((8.1886544e-14 / exp(u*VPD)) + (h*Pr + VPD*WS))) - -0.0007630652) * AUC_wet
21,31,6.8040104,(((((x0 * (exp((x2 * 0.5460553) - (x5 / x4)) * 7.462564e-18)) + -4.9412943e-6) * (x0 / ((x1 + x4) + (8.1886544e-14 / exp(x5))))) - -0.0007630652) * x0) + -0.19335352,0.002774850763426513,x0*(x0*(x0*exp(x2*0.5460553 - x5/x4)*7.462564e-18 - 4.9412943e-6)/(x1 + x4 + 8.1886544e-14/exp(x5)) - 1*(-0.0007630652)) - 0.19335352,PySRFunction(X=>x0*(x0*(x0*exp(x2*0.5460553 - x5/x4)*7.462564e-18 - 4.9412943e-6)/(x1 + x4 + 8.1886544e-14/exp(x5)) - 1*(-0.0007630652)) - 0.19335352),(((((AUC_wet * (exp((Tv_C * 0.5460553) - (u*VPD / VPD*WS)) * 7.462564e-18)) + -4.9412943e-6) * (AUC_wet / ((h*Pr + VPD*WS) + (8.1886544e-14 / exp(u*VPD))))) - -0.0007630652) * AUC_wet) + -0.19335352
22,33,6.4245095,x0 * ((((-4.942505e-6 + ((x0 * exp((x2 * 0.54577816) - (x5 / x2))) * 9.057036e-18)) * x0) / ((((x5 + x4) * 7.633011) + x1) + (1.8142746e-13 / exp(x5)))) - -0.00079870067),0.02869595879524246,x0*(x0*(x0*exp(x2*0.54577816 - x5/x2)*9.057036e-18 - 4.942505e-6)/(x1 + (x4 + x5)*7.633011 + 1.8142746e-13/exp(x5)) - 1*(-0.00079870067)),PySRFunction(X=>x0*(x0*(x0*exp(x2*0.54577816 - x5/x2)*9.057036e-18 - 4.942505e-6)/(x1 + (x4 + x5)*7.633011 + 1.8142746e-13/exp(x5)) - 1*(-0.00079870067))),AUC_wet * ((((-4.942505e-6 + ((AUC_wet * exp((Tv_C * 0.54577816) - (u*VPD / Tv_C))) * 9.057036e-18)) * AUC_wet) / ((((u*VPD + VPD*WS) * 7.633011) + h*Pr) + (1.8142746e-13 / exp(u*VPD)))) - -0.00079870067)
23,35,6.281006,(x0 * (((x0 * (((x0 * exp((x2 * 0.54577816) - (x5 / x2))) * 9.057036e-18) + -4.942505e-6)) / ((x1 + (1.8142746e-13 / exp(x5))) + ((x5 + x4) * 7.633011))) - -0.00079870067)) - 0.38327655,0.011295063360456763,x0*(x0*(x0*exp(x2*0.54577816 - x5/x2)*9.057036e-18 - 4.942505e-6)/(x1 + (x4 + x5)*7.633011 + 1.8142746e-13/exp(x5)) - 1*(-0.00079870067)) - 1*0.38327655,PySRFunction(X=>x0*(x0*(x0*exp(x2*0.54577816 - x5/x2)*9.057036e-18 - 4.942505e-6)/(x1 + (x4 + x5)*7.633011 + 1.8142746e-13/exp(x5)) - 1*(-0.00079870067)) - 1*0.38327655),(AUC_wet * (((AUC_wet * (((AUC_wet * exp((Tv_C * 0.54577816) - (u*VPD / Tv_C))) * 9.057036e-18) + -4.942505e-6)) / ((h*Pr + (1.8142746e-13 / exp(u*VPD))) + ((u*VPD + VPD*WS) * 7.633011))) - -0.00079870067)) - 0.38327655
24,37,6.2631626,((((x0 * ((x0 * (exp((x2 * 0.5456782) - (x5 / x2)) * 9.057036e-18)) + -4.9387854e-6)) / (((x5 + x4) * 8.819021) + (x1 + (2.6029293e-13 / exp(x5))))) - -0.00082943274) * (x0 - x6)) + -0.34818572,0.001422446764188676,(x0 - x6)*(x0*(x0*exp(x2*0.5456782 - x5/x2)*9.057036e-18 - 4.9387854e-6)/(x1 + (x4 + x5)*8.819021 + 2.6029293e-13/exp(x5)) - 1*(-0.00082943274)) - 0.34818572,PySRFunction(X=>(x0 - x6)*(x0*(x0*exp(x2*0.5456782 - x5/x2)*9.057036e-18 - 4.9387854e-6)/(x1 + (x4 + x5)*8.819021 + 2.6029293e-13/exp(x5)) - 1*(-0.00082943274)) - 0.34818572),((((AUC_wet * ((AUC_wet * (exp((Tv_C * 0.5456782) - (u*VPD / Tv_C)) * 9.057036e-18)) + -4.9387854e-6)) / (((u*VPD + VPD*WS) * 8.819021) + (h*Pr + (2.6029293e-13 / exp(u*VPD))))) - -0.00082943274) * (AUC_wet - SR*HODsin)) + -0.34818572
25,39,6.2213073,((x0 * ((((((exp((x2 * 0.5456782) - (x5 / x2)) * x0) * 9.057036e-18) + -4.941127e-6) / (((1.2878981e-13 / exp(x5)) + ((x5 + (x4 - x3)) * 8.819021)) + x1)) * x0) - -0.0007987007)) + -0.6705156) / 0.920869,0.0033526018447039303,(x0*(x0*(exp(x2*0.5456782 - x5/x2)*x0*9.057036e-18 - 4.941127e-6)/(x1 + (-x3 + x4 + x5)*8.819021 + 1.2878981e-13/exp(x5)) - 1*(-0.0007987007)) - 0.6705156)/0.920869,PySRFunction(X=>(x0*(x0*(exp(x2*0.5456782 - x5/x2)*x0*9.057036e-18 - 4.941127e-6)/(x1 + (-x3 + x4 + x5)*8.819021 + 1.2878981e-13/exp(x5)) - 1*(-0.0007987007)) - 0.6705156)/0.920869),((AUC_wet * ((((((exp((Tv_C * 0.5456782) - (u*VPD / Tv_C)) * AUC_wet) * 9.057036e-18) + -4.941127e-6) / (((1.2878981e-13 / exp(u*VPD)) + ((u*VPD + (VPD*WS - uzonal)) * 8.819021)) + h*Pr)) * AUC_wet) - -0.0007987007)) + -0.6705156) / 0.920869
