slot,fold,DAY,n_records,y_mean,pred_refit,pred_nofit,resid_refit,resid_nofit
simple_ruleA,2,2012-04-16,17,0.2202384731764706,0.0,0.0,0.2202384731764706,0.2202384731764706
simple_ruleA,5,2012-04-17,44,0.08553189661363636,0.0,0.0,0.08553189661363636,0.08553189661363636
simple_ruleA,4,2012-04-18,46,0.10277196365217392,0.0,0.0,0.10277196365217392,0.10277196365217392
simple_ruleA,4,2012-04-19,48,0.13160591110416667,0.0,0.0,0.13160591110416667,0.13160591110416667
simple_ruleA,2,2012-04-20,47,0.19268152623404253,0.0,0.0,0.19268152623404253,0.19268152623404253
simple_ruleA,3,2012-04-21,48,0.31302222352083336,0.0,0.0,0.31302222352083336,0.31302222352083336
simple_ruleA,4,2012-04-22,47,0.22889915329787233,0.0,0.0,0.22889915329787233,0.22889915329787233
simple_ruleA,3,2012-04-23,48,0.09675257410416667,0.0,0.0,0.09675257410416667,0.09675257410416667
simple_ruleA,4,2012-04-24,48,-0.12169867535416667,0.0,0.0,-0.12169867535416667,-0.12169867535416667
simple_ruleA,1,2012-04-25,48,0.12789548795833333,0.0014133947728507288,0.0014441540552083331,0.12648209318548262,0.126451333903125
simple_ruleA,2,2012-04-26,48,0.031396444041666666,0.02574615293002705,0.0270489282265625,0.0056502911116396186,0.004347515815104169
simple_ruleA,2,2012-04-27,33,-0.0011584061818181795,0.06779302374785241,0.07122340330227273,-0.06895142992967059,-0.0723818094840909
simple_ruleA,1,2012-04-28,17,0.1495946152352941,0.11310197706271291,0.11556338113360705,0.03649263817258121,0.03403123410168707
simple_ruleA,4,2012-04-29,48,0.0563516495625,0.1537369521874182,0.15704306077767874,-0.09738530262491818,-0.10069141121517873
simple_ruleA,5,2012-04-30,48,0.067841465,0.2253797636868322,0.22041478031741832,-0.15753829868683222,-0.15257331531741833
simple_ruleA,3,2012-05-01,35,-0.011450152857142857,0.28509208791963175,0.2814113022200314,-0.29654224077677466,-0.29286145507717426
simple_ruleA,2,2012-05-02,23,0.03662533839130435,0.30298390092207167,0.3183151211801813,-0.2663585625307673,-0.2816897827888769
simple_ruleA,4,2012-05-03,48,0.09201962160416667,0.35002159719929143,0.3575488012501858,-0.2580019755951247,-0.26552917964601913
simple_ruleA,1,2012-05-04,40,0.085187383475,0.3760017501999394,0.38418456240747745,-0.2908143667249395,-0.29899717893247746
simple_ruleA,1,2012-05-05,48,0.0777986770625,0.3865640417791922,0.3949767179393004,-0.30876536471669214,-0.3171780408768004
simple_ruleA,5,2012-05-06,46,0.009543028086956524,0.4580227712571896,0.4479327995361052,-0.44847974317023304,-0.4383897714491487
simple_ruleA,5,2012-05-07,48,0.021618651333333332,0.5435587021320373,0.5315844242632587,-0.5219400507987039,-0.5099657729299254
simple_ruleA,1,2012-05-08,48,0.19335431079166668,0.5859218628376239,0.5986731028766441,-0.3925675520459573,-0.40531879208497745
simple_ruleA,2,2012-05-09,42,0.1434148763095238,0.6269182506943173,0.6586408001630281,-0.48350337438479346,-0.5152259238535043
simple_ruleA,2,2012-05-10,40,0.319251258275,0.6957626077868669,0.7309687350922275,-0.3765113495118669,-0.4117174768172275
simple_ruleA,2,2012-05-11,48,0.17239545895833333,0.7558201313073339,0.7940652158590921,-0.5834246723490008,-0.6216697569007587
simple_ruleA,1,2012-05-12,48,0.17601843233333334,0.8212165686914287,0.8390884561487274,-0.6451981363580953,-0.663070023815394
simple_ruleA,2,2012-05-13,48,0.17704623283333332,0.8420188393805148,0.88462564538154,-0.6649726065471815,-0.7075794125482067
simple_ruleA,2,2012-05-14,48,0.27600001625,0.9169943565062108,0.9633949817944045,-0.6409943402562108,-0.6873949655444046
simple_ruleA,1,2012-05-15,47,0.35306912361702125,1.0250061759801334,1.04731307493779,-0.671937052363112,-0.6942439513207687
simple_ruleA,1,2012-05-16,48,0.4190129162291667,1.1087543512280293,1.1328838363582587,-0.6897414349988628,-0.713870920129092
simple_ruleA,1,2012-05-17,48,0.5381429567708333,1.1777359523170032,1.2033666631388316,-0.6395929955461699,-0.6652237063679982
simple_ruleA,5,2012-05-18,39,0.4551124043333334,1.3025934194943167,1.2738980541292002,-0.8474810151609835,-0.8187856497958668
simple_ruleA,3,2012-05-19,48,0.4896868033125,1.3445509928729804,1.3271916753869566,-0.8548641895604806,-0.8375048720744566
simple_ruleA,3,2012-05-20,48,0.47750789,1.4021213519909994,1.3840187513219566,-0.9246134619909996,-0.9065108613219565
simple_ruleA,3,2012-05-21,48,0.8335178516666667,1.4563744366653841,1.437571381698623,-0.6228565849987175,-0.6040535300319566
simple_ruleA,1,2012-05-22,32,0.702621915625,1.4447464432561923,1.4761880225211492,-0.7421245276311924,-0.7735661068961492
simple_ruleA,5,2012-05-23,46,0.6635871663260869,1.5794004663402001,1.5446072048656703,-0.9158133000141132,-0.8810200385395833
simple_ruleA,4,2012-05-24,48,0.6281435369791667,1.5703906835742936,1.604161888578415,-0.9422471465951269,-0.9760183515992482
simple_ruleA,3,2012-05-25,38,0.8183735249999999,1.6741190793438758,1.6525047525077898,-0.8557455543438758,-0.8341312275077899
simple_ruleA,2,2012-05-26,48,0.6980216629166667,1.6356964697345482,1.7184639790860192,-0.9376748068178814,-1.0204423161693523
simple_ruleA,5,2012-05-27,48,0.8635254579166666,1.817613304985587,1.7775723550633107,-0.9540878470689202,-0.9140468971466441
simple_ruleA,2,2012-05-28,45,1.0706195379333332,1.7352317462820923,1.8230358177860677,-0.6646122083487589,-0.7524162798527344
simple_ruleA,3,2012-05-29,47,1.2441222806595744,1.8864980206220094,1.862141697767524,-0.6423757399624349,-0.6180194171079495
simple_ruleA,3,2012-05-30,39,1.3168110543589744,1.9561109986997947,1.9308559120245206,-0.6392999443408206,-0.6140448576655464
simple_ruleA,2,2012-05-31,48,1.122336043125,1.902738287718246,1.99901832006904,-0.7804022445932458,-0.8766822769440399
simple_ruleA,4,2012-06-01,47,1.408223744680851,2.0235470434888883,2.0670633625526302,-0.615323298808037,-0.6588396178717792
simple_ruleA,3,2012-06-02,48,1.5114160385416666,2.179164333686628,2.151029435327842,-0.6677482951449613,-0.6396133967861753
simple_ruleA,5,2012-06-03,48,1.7375850125,2.2839119854106857,2.2335987503656543,-0.5463269729106857,-0.49601373786565445
simple_ruleA,3,2012-06-04,48,1.8668908327083333,2.340134684875968,2.309921519908519,-0.4732438521676346,-0.4430306872001857
simple_ruleA,4,2012-06-05,48,2.0323514729166665,2.3280374332363425,2.378101809087165,-0.29568596031967587,-0.34575033617049816
simple_ruleA,1,2012-06-06,48,1.9727137145833333,2.3926817849725905,2.444752993972061,-0.41996807038925726,-0.47203927938872736
simple_ruleA,5,2012-06-07,48,2.1687674958333334,2.5656981422071024,2.509177324194821,-0.3969306463737691,-0.3404098283614878
simple_ruleA,3,2012-06-08,48,2.3881609270833333,2.5989669792806698,2.565412065284717,-0.2108060521973364,-0.17725113820138363
simple_ruleA,4,2012-06-09,38,2.1885792210526316,2.5593530217392075,2.614391832449895,-0.3707738006865762,-0.42581261139726356
simple_ruleA,1,2012-06-10,48,2.3298899375,2.6448714712314927,2.702431007990706,-0.3149815337314928,-0.37254107049070656
simple_ruleA,2,2012-06-11,45,2.215788988888889,2.6542851412921697,2.7885940270287897,-0.438496152403281,-0.5728050381399009
simple_ruleA,5,2012-06-12,47,2.466926670212766,2.9396376893842406,2.8748792035240127,-0.4727110191714746,-0.4079525333112473
simple_ruleA,5,2012-06-13,48,2.355464260416667,3.0291820407806687,2.9624509456309664,-0.6737177803640021,-0.6069866852143002
simple_ruleA,5,2012-06-14,48,2.396814725,3.1159096193468567,3.047267966753102,-0.7190948943468566,-0.6504532417531023
simple_ruleA,2,2012-06-15,48,2.2765174375,2.948000120727238,3.0971712121095085,-0.6714826832272381,-0.8206537746095085
simple_ruleA,4,2012-06-16,48,2.12172636875,3.0523483791117574,3.11798904033904,-0.9306220103617572,-0.9962626715890397
simple_ruleA,3,2012-06-17,48,2.4683254604166667,3.1842996636719527,3.1431875979151855,-0.7159742032552862,-0.674862137498519
simple_ruleA,4,2012-06-18,48,2.57933425,3.097032372736902,3.163633961919821,-0.5176981227369019,-0.5842997119198209
simple_ruleA,1,2012-06-19,48,2.7591370666666664,3.1030385033726913,3.1705689904844045,-0.3439014367060245,-0.4114319238177377
simple_ruleA,2,2012-06-20,48,4.0653092766666665,3.0491749671792885,3.203465584222217,1.0161343094873783,0.8618436924444498
simple_ruleA,1,2012-06-21,48,2.852546154166667,3.1519015258179532,3.2204954040876856,-0.2993553716512868,-0.3679492499210189
simple_ruleA,1,2012-06-22,35,2.690932479428571,3.173087050153678,3.2421419825729325,-0.48215457072510637,-0.5512095031443612
simple_ruleA,3,2012-06-23,46,3.013371210869565,3.306647528013366,3.263955845394094,-0.2932763171438008,-0.2505846345245289
simple_ruleA,1,2012-06-24,48,3.617370472916667,3.2062998405728265,3.276077572890602,0.41107063234384,0.34129290002606427
simple_ruleA,4,2012-06-25,48,3.588744060416667,3.2081634369524017,3.27715489637029,0.3805806234642654,0.31158916404637677
simple_ruleA,5,2012-06-26,48,3.3450276750000003,3.350974898531851,3.27715489637029,-0.005947223531851069,0.06787277862971008
simple_ruleA,4,2012-06-27,48,2.8715724887499996,3.2081634369524017,3.27715489637029,-0.33659094820240126,-0.4055824076202899
simple_ruleA,2,2012-06-28,48,2.6015098025000003,3.1193151325855353,3.27715489637029,-0.5178053300855353,-0.6756450938702899
simple_ruleA,5,2012-06-29,48,3.3835941145833335,3.351279711491506,3.277452994480081,0.03231440309182693,0.10614112010325179
simple_ruleA,5,2012-06-30,48,2.9133323829166664,3.3772010529608507,3.3028033040732585,-0.46386867004418386,-0.3894709211565918
simple_ruleA,1,2012-07-01,48,2.5759667938541666,3.280173525975852,3.3515589489344566,-0.7042067321216852,-0.7755921550802899
simple_ruleA,3,2012-07-02,42,2.9145822404761907,3.446364009415057,3.4018684660485636,-0.5317817689388671,-0.48728622557237306
simple_ruleA,3,2012-07-03,48,2.5154627541666668,3.5004343533982247,3.4552407150745608,-0.9849715992315579,-0.9397779609078939
simple_ruleA,4,2012-07-04,48,2.6683533291666666,3.430692439305853,3.5044693783094565,-0.7623391101391865,-0.8361160491427898
simple_ruleA,3,2012-07-05,48,3.0286032791666666,3.5859644853445847,3.539666578961956,-0.557361206177918,-0.5110632997952897
simple_ruleA,1,2012-07-06,46,2.6821343260869566,3.5072792834400675,3.5836071402133878,-0.8251449573531111,-0.901472814126431
simple_ruleA,1,2012-07-07,44,3.637924677272727,3.5747025967013397,3.652497766620233,0.06322208057138778,-0.014573089347505624
simple_ruleA,4,2012-07-08,46,2.952379802173913,3.6822620840409575,3.7614490207820834,-0.7298822818670445,-0.8090692186081702
simple_ruleA,3,2012-07-09,48,2.5226163520833333,3.9159937824957916,3.8654349121338836,-1.3933774304124587,-1.3428185600505502
simple_ruleA,2,2012-07-10,48,3.164615041458333,3.7718755443294776,3.962735370809717,-0.6072605028711447,-0.7981203293513834
simple_ruleA,3,2012-07-11,48,3.165003675,4.112032575285846,4.058942674370498,-0.9470289002858462,-0.8939389993704979
simple_ruleA,5,2012-07-12,48,2.8945481479166664,4.238471786416254,4.145100750849248,-1.3439236384995883,-1.2505526029325813
simple_ruleA,5,2012-07-13,48,2.438382886875,4.32980827907319,4.234425154400914,-1.89142539219819,-1.796042267525915
simple_ruleA,4,2012-07-14,48,2.6562699875,4.244259859956878,4.335532542175758,-1.5879898724568777,-1.6792625546757585
simple_ruleA,5,2012-07-15,48,3.2690944749999997,4.526565834201602,4.426848256546331,-1.2574713592016018,-1.1577537815463315
simple_ruleA,5,2012-07-16,48,3.3365409666666666,4.591851874200323,4.490696083559352,-1.2553109075336566,-1.1541551168926854
simple_ruleA,5,2012-07-17,47,3.506454780851064,4.6445969325351735,4.542279199343694,-1.1381421516841097,-1.03582441849263
simple_ruleA,2,2012-07-18,48,4.31823554375,4.367059340314584,4.588035928254873,-0.04882379656458424,-0.269800384504873
simple_ruleA,3,2012-07-19,48,4.235942120833333,4.6961302790853185,4.635499171077893,-0.4601881582519855,-0.3995570502445605
simple_ruleA,4,2012-07-20,48,4.197089585416667,4.5822280881323545,4.6807687670593,-0.3851385027156879,-0.4836791816426335
simple_ruleA,1,2012-07-21,48,3.581241858333333,4.627283107284208,4.727985268053103,-1.046041248950875,-1.1467434097197688
simple_ruleA,3,2012-07-22,48,3.47300988125,4.845563713070453,4.783003290044612,-1.3725538318204527,-1.3099934087946126
simple_ruleA,3,2012-07-23,48,3.6027254916666664,4.911821575825764,4.8484057064229455,-1.309096084159097,-1.2456802147562793
simple_ruleA,5,2012-07-24,48,3.5953668183333334,5.029712926897161,4.918911315312946,-1.4343461085638278,-1.3235444969796126
simple_ruleA,4,2012-07-25,48,4.1132118166666665,4.880007220433252,4.984951630755238,-0.7667954037665852,-0.8717398140885707
simple_ruleA,3,2012-07-26,47,4.945090108510638,5.104143433182033,5.038244522080503,-0.15905332467139457,-0.09315441356986408
simple_ruleA,5,2012-07-27,46,4.631375795652175,5.192909006125814,5.078512281093659,-0.5615332104736394,-0.4471364854414852
simple_ruleA,5,2012-07-28,48,5.015409016666667,5.225070790390886,5.109965560205498,-0.2096617737242192,-0.09455654353883126
simple_ruleA,1,2012-07-29,48,5.191188340208334,5.058779682392147,5.1688723724349765,0.13240865781618696,0.02231596777335627
simple_ruleA,1,2012-07-30,48,5.172252041666667,5.147821663516538,5.259852147225863,0.024430378150128645,-0.0876001055591959
simple_ruleA,5,2012-07-31,48,6.134338235416667,5.476852612433248,5.356200777092582,0.6574856229834181,0.7781374583240854
simple_ruleA,5,2012-08-01,48,6.280896235416667,5.571752100100455,5.449009684974247,0.7091441353162108,0.8318865504424187
simple_ruleA,2,2012-08-02,48,6.6504443,5.26852900109429,5.535120652684352,1.3819152989057102,1.1153236473156478
simple_ruleA,4,2012-08-03,48,7.160892158333333,5.502145144889645,5.6204686127973735,1.6587470134436895,1.5404235455359603
simple_ruleA,3,2012-08-04,48,6.567858770833333,5.783308690970948,5.708641168341905,0.7845500798623856,0.8592176024914293
simple_ruleA,3,2012-08-05,48,6.946719375,5.884296617686201,5.808325253483727,1.0624227573137985,1.1383941215162727
simple_ruleA,4,2012-08-06,48,5.922653764583334,5.8042517172248935,5.929071977997061,0.11840204735844041,-0.006418213413727077
simple_ruleA,4,2012-08-07,48,7.153456070833333,5.936040183868523,6.063694551701279,1.2174158869648106,1.0897615191320542
simple_ruleA,3,2012-08-08,48,7.373567145833333,6.266276075614425,6.185373025876435,1.1072910702189074,1.1881941199568977
simple_ruleA,2,2012-08-09,47,7.0186513255319145,5.991161028188567,6.294318420529971,1.0274902973433484,0.7243329050019445
simple_ruleA,5,2012-08-10,48,6.428932797916667,6.547138962086314,6.402909349222008,-0.11820616416964684,0.026023448694658436
simple_ruleA,2,2012-08-11,48,6.577051102083334,6.198454684690575,6.512101296743883,0.37859641739275757,0.06494980533945004
simple_ruleA,1,2012-08-12,48,6.641491183333333,6.477101685469727,6.618060887689247,0.1643894978636057,0.023430295644085424
simple_ruleA,2,2012-08-13,48,7.441026860416667,6.393380811614938,6.716890836796279,1.0476460488017287,0.7241360236203875
simple_ruleA,3,2012-08-14,44,5.585122643181818,6.898444386306583,6.809379496320005,-1.3133217431247648,-1.2242568531381872
simple_ruleA,5,2012-08-15,48,6.8359822562499994,7.060860932370538,6.905314327256175,-0.2248786761205379,-0.06933207100617496
simple_ruleA,4,2012-08-16,48,7.5789022125,6.850996636540313,6.9983271157103415,0.727905575959687,0.5805750967896585
simple_ruleA,4,2012-08-17,48,7.50730011875,6.93774200158949,7.086937937258258,0.5695581171605094,0.4203621814917417
simple_ruleA,1,2012-08-18,48,6.590918335416667,7.0279277044494775,7.180874366487842,-0.43700936903281,-0.5899560310711749
simple_ruleA,1,2012-08-19,48,8.61395005625,7.126606468116033,7.281700646200602,1.4873435881339676,1.3322494100493978
simple_ruleA,3,2012-08-20,48,7.9814005833333335,7.479241778997644,7.382678291792946,0.502158804335689,0.5987222915403875
simple_ruleA,2,2012-08-21,48,8.186272847916667,7.120044568879966,7.480324343484664,1.0662282790367001,0.7059485044320022
simple_ruleA,4,2012-08-22,48,7.327301362499999,7.41782210550522,7.577342149548623,-0.09052074300521999,-0.25004078704862265
simple_ruleA,5,2012-08-23,48,8.517630725,7.848724650497957,7.675821871990394,0.6689060745020429,0.8418088530096065
simple_ruleA,5,2012-08-24,48,8.681626145833333,7.951482547926848,7.776316073497945,0.7301435979064844,0.9053100723353878
simple_ruleA,1,2012-08-25,48,9.249283554166666,7.719429963327573,7.887425579586175,1.5298535908390933,1.3618579745804917
simple_ruleA,4,2012-08-26,48,9.87117175,7.842438550573966,8.011089958655967,2.028733199426033,1.8600817913440337
simple_ruleA,4,2012-08-27,48,10.066777154166667,7.944191604673094,8.11503120916107,2.1225855494935724,1.951745945005596
simple_ruleA,2,2012-08-28,48,9.852360588333333,7.77563571263049,8.169088907319612,2.0767248757028427,1.6832716810137212
simple_ruleA,1,2012-08-29,48,21.97209148125,8.015135580416478,8.18956654845753,13.95695590083352,13.782524932792471
simple_ruleA,2,2012-08-30,48,28.967427914583336,7.812518317149095,8.20783780021805,21.154909597434237,20.759590114365285
simple_ruleA,4,2012-08-31,48,13.058101424999998,8.052484959914285,8.225653409790029,5.005616465085715,4.8324480152099705
simple_ruleA,5,2012-09-01,46,6.837848882608696,8.428824123271042,8.243142095252301,-1.5909752406623454,-1.4052932126436046
simple_ruleA,1,2012-09-02,39,2.226128878205128,8.089436743609195,8.265484705360738,-5.863307865404067,-6.03935582715561
simple_ruleA,2,2012-09-03,44,2.9446648161363638,7.88933300271536,8.28853936842029,-4.944668186578996,-5.343874552283926
simple_ruleA,2,2012-09-04,37,2.855260219216216,7.903764556592008,8.303701170110358,-5.048504337375792,-5.448440950894141
simple_ruleA,5,2012-09-05,31,2.949354112903226,8.515166294270143,8.32758219910892,-5.565812181366917,-5.378228086205692
simple_ruleA,3,2012-09-06,38,2.514661660526316,8.450413423539755,8.341311269523315,-5.93575176301344,-5.826649608997
simple_ruleA,1,2012-09-07,42,1.6679321140476189,8.185394529228603,8.36353079120523,-6.517462415180983,-6.695598677157611
simple_ruleA,4,2012-09-08,48,3.0139437527083337,8.20414079145357,8.380570595481851,-5.190197038745237,-5.3666268427735195
simple_ruleA,2,2012-09-09,48,4.418429550208333,7.993874512419931,8.398370759555915,-3.575444962211597,-3.979941209347581
simple_ruleA,5,2012-09-10,16,2.077358675,8.599531878078054,8.41008925882529,-6.522173203078053,-6.332730583825289
knee_ruleA,2,2012-04-16,17,0.2202384731764706,0.0,0.0,0.2202384731764706,0.2202384731764706
knee_ruleA,5,2012-04-17,44,0.08553189661363636,0.0,0.0,0.08553189661363636,0.08553189661363636
knee_ruleA,4,2012-04-18,46,0.10277196365217392,0.0,0.0,0.10277196365217392,0.10277196365217392
knee_ruleA,4,2012-04-19,48,0.13160591110416667,0.0,0.0,0.13160591110416667,0.13160591110416667
knee_ruleA,2,2012-04-20,47,0.19268152623404253,0.0,0.0,0.19268152623404253,0.19268152623404253
knee_ruleA,3,2012-04-21,48,0.31302222352083336,0.0,0.0,0.31302222352083336,0.31302222352083336
knee_ruleA,4,2012-04-22,47,0.22889915329787233,0.0,0.0,0.22889915329787233,0.22889915329787233
knee_ruleA,3,2012-04-23,48,0.09675257410416667,0.0,0.0,0.09675257410416667,0.09675257410416667
knee_ruleA,4,2012-04-24,48,-0.12169867535416667,0.0,0.0,-0.12169867535416667,-0.12169867535416667
knee_ruleA,1,2012-04-25,48,0.12789548795833333,0.0016657211735560144,0.0017494402393776708,0.12622976678477732,0.12614604771895566
knee_ruleA,2,2012-04-26,48,0.031396444041666666,0.029502670589825766,0.031740249051835714,0.0018937734518409011,-0.0003438050101690476
knee_ruleA,2,2012-04-27,33,-0.0011584061818181795,0.054077254025245484,0.05376558794103473,-0.055235660207063664,-0.05492399412285291
knee_ruleA,1,2012-04-28,17,0.1495946152352941,0.11500791549123968,0.11882643289366207,0.03458669974405445,0.030768182341632047
knee_ruleA,4,2012-04-29,48,0.0563516495625,0.1385180228462308,0.1420872385285518,-0.0821663732837308,-0.08573558896605177
knee_ruleA,5,2012-04-30,48,0.067841465,0.2216801876940823,0.2165638755676048,-0.1538387226940823,-0.14872241056760482
knee_ruleA,3,2012-05-01,35,-0.011450152857142857,0.30813550397750006,0.3093988764868861,-0.3195856568346429,-0.32084902934402887
knee_ruleA,2,2012-05-02,23,0.03662533839130435,0.30904252533079507,0.32380451667163823,-0.2724171869394907,-0.28717917828033385
knee_ruleA,4,2012-05-03,48,0.09201962160416667,0.26821259881130827,0.2723692391071832,-0.17619297720714164,-0.18034961750301656
knee_ruleA,1,2012-05-04,40,0.085187383475,0.28307366014313085,0.28097054805778443,-0.19788627666813083,-0.19578316458278444
knee_ruleA,1,2012-05-05,48,0.0777986770625,0.47877726208729227,0.5104570352573415,-0.4009785850247923,-0.43265835819484155
knee_ruleA,5,2012-05-06,46,0.009543028086956524,0.5371178188108522,0.516096199288822,-0.5275747907238957,-0.5065531712018655
knee_ruleA,5,2012-05-07,48,0.021618651333333332,0.5943244721699856,0.5739384564665443,-0.5727058208366523,-0.552319805133211
knee_ruleA,1,2012-05-08,48,0.19335431079166668,0.5792156898598145,0.5978095279572219,-0.38586137906814794,-0.40445521716555516
knee_ruleA,2,2012-05-09,42,0.1434148763095238,0.5934316584257422,0.6137028180195769,-0.4500167821162185,-0.4702879417100531
knee_ruleA,2,2012-05-10,40,0.319251258275,0.5337691156991966,0.5303362052975007,-0.21451785742419652,-0.21108494702250075
knee_ruleA,2,2012-05-11,48,0.17239545895833333,0.8145790035402231,0.8687293397793437,-0.6421835445818896,-0.6963338808210103
knee_ruleA,1,2012-05-12,48,0.17601843233333334,1.07595921259215,1.151193101035382,-0.8999407802588166,-0.9751746687020487
knee_ruleA,2,2012-05-13,48,0.17704623283333332,0.8324977145577023,0.871287472718759,-0.655451481724369,-0.6942412398854256
knee_ruleA,2,2012-05-14,48,0.27600001625,0.9645154127437485,1.0263792196516381,-0.6885153964937484,-0.7503792034016382
knee_ruleA,1,2012-05-15,47,0.35306912361702125,0.8414166530329272,0.8443931918735204,-0.488347529415906,-0.4913240682564991
knee_ruleA,1,2012-05-16,48,0.4190129162291667,1.1725578648273676,1.2257272427971724,-0.753544948598201,-0.8067143265680058
knee_ruleA,1,2012-05-17,48,0.5381429567708333,1.2406659193422447,1.2945247480494169,-0.7025229625714114,-0.7563817912785836
knee_ruleA,5,2012-05-18,39,0.4551124043333334,1.5385894652490084,1.4760897541996951,-1.0834770609156752,-1.020977349866362
knee_ruleA,3,2012-05-19,48,0.4896868033125,1.39081730940456,1.395795254363911,-0.9011305060920599,-0.9061084510514109
knee_ruleA,3,2012-05-20,48,0.47750789,1.5173053891380779,1.5230080394727594,-1.039797499138078,-1.0455001494727594
knee_ruleA,3,2012-05-21,48,0.8335178516666667,1.5825942610329704,1.5889883729749215,-0.7490764093663036,-0.755470521308255
knee_ruleA,1,2012-05-22,32,0.702621915625,1.3809218201860352,1.4109879520359678,-0.6782999045610351,-0.7083660364109677
knee_ruleA,5,2012-05-23,46,0.6635871663260869,1.726189593303243,1.6737503419185777,-1.062602426977156,-1.0101631755924907
knee_ruleA,4,2012-05-24,48,0.6281435369791667,1.6559958201157354,1.7060877648494082,-1.0278522831365688,-1.0779442278702416
knee_ruleA,3,2012-05-25,38,0.8183735249999999,1.5774960587090627,1.579959888131084,-0.7591225337090627,-0.7615863631310839
knee_ruleA,2,2012-05-26,48,0.6980216629166667,1.5675011840527802,1.6486819402593351,-0.8694795211361134,-0.9506602773426686
knee_ruleA,5,2012-05-27,48,0.8635254579166666,2.32272031838452,2.2094758998321082,-1.4591948604678533,-1.3459504419154416
knee_ruleA,2,2012-05-28,45,1.0706195379333332,1.917251159672177,2.0655330897083988,-0.8466316217388438,-0.9949135517750654
knee_ruleA,3,2012-05-29,47,1.2441222806595744,1.8707136847017896,1.8767085856695591,-0.6265914040422152,-0.6325863050099846
knee_ruleA,3,2012-05-30,39,1.3168110543589744,2.0379058460454997,2.044117669323506,-0.7210947916865256,-0.7273066149645319
knee_ruleA,2,2012-05-31,48,1.122336043125,1.9589053560066807,2.0605102705928346,-0.8365693128816806,-0.9381742274678347
knee_ruleA,4,2012-06-01,47,1.408223744680851,1.7447417043358924,1.7817107904232843,-0.3365179596550412,-0.37348704574243347
knee_ruleA,3,2012-06-02,48,1.5114160385416666,2.047181247301898,2.0525743700307184,-0.5357652087602315,-0.541158331489052
knee_ruleA,5,2012-06-03,48,1.7375850125,2.341710244685706,2.2796832584745963,-0.6041252321857057,-0.5420982459745964
knee_ruleA,3,2012-06-04,48,1.8668908327083333,2.3677997996825626,2.3761725335933224,-0.5009089669742294,-0.5092817008849891
knee_ruleA,4,2012-06-05,48,2.0323514729166665,2.6308007822009483,2.715415546359719,-0.5984493092842816,-0.6830640734430528
knee_ruleA,1,2012-06-06,48,1.9727137145833333,2.3856860277578007,2.4595672032685685,-0.41297231317446753,-0.4868534886852349
knee_ruleA,5,2012-06-07,48,2.1687674958333334,2.8654311349977317,2.758149732093465,-0.6966636391643988,-0.5893822362601318
knee_ruleA,3,2012-06-08,48,2.3881609270833333,2.601684199854932,2.608782185983596,-0.21352327277159863,-0.22062125890026232
knee_ruleA,4,2012-06-09,38,2.1885792210526316,2.2961471029027782,2.345498479392606,-0.10756788185014692,-0.15691925833997442
knee_ruleA,1,2012-06-10,48,2.3298899375,2.8741843168240546,2.9908042270526174,-0.5442943793240548,-0.6609142895526177
knee_ruleA,2,2012-06-11,45,2.215788988888889,2.52913037660223,2.63309425538181,-0.3133413877133415,-0.41730526649292105
knee_ruleA,5,2012-06-12,47,2.466926670212766,2.753102592800699,2.707469027006316,-0.2861759225879327,-0.24054235679354982
knee_ruleA,5,2012-06-13,48,2.355464260416667,3.3226545241081844,3.216762513812412,-0.967190263691518,-0.861298253395745
knee_ruleA,5,2012-06-14,48,2.396814725,3.5868528621873454,3.4642963219612626,-1.1900381371873452,-1.0674815969612623
knee_ruleA,2,2012-06-15,48,2.2765174375,3.121814623968332,3.296249332414947,-0.8452971864683326,-1.019731894914947
knee_ruleA,4,2012-06-16,48,2.12172636875,2.2604306729853736,2.2915808139497695,-0.13870430423537372,-0.16985444519976953
knee_ruleA,3,2012-06-17,48,2.4683254604166667,2.229585095844758,2.22378855896798,0.23874036457190864,0.24453690144868692
knee_ruleA,4,2012-06-18,48,2.57933425,3.113649398350075,3.2054344439569427,-0.5343151483500748,-0.6261001939569427
knee_ruleA,1,2012-06-19,48,2.7591370666666664,3.1244322451757074,3.2187695437411743,-0.3652951785090406,-0.4596324770745077
knee_ruleA,2,2012-06-20,48,4.0653092766666665,4.1462450183329675,4.611024348983741,-0.08093574166630112,-0.5457150723170746
knee_ruleA,1,2012-06-21,48,2.852546154166667,2.8821919291642666,2.937265961448274,-0.02964577499759988,-0.08471980728160716
knee_ruleA,1,2012-06-22,35,2.690932479428571,2.8396496855248423,2.8756710767446143,-0.14871720609627082,-0.184738597316043
knee_ruleA,3,2012-06-23,46,3.013371210869565,3.0361469292830914,3.0401878742556265,-0.022775718413526224,-0.02681666338606095
knee_ruleA,1,2012-06-24,48,3.617370472916667,3.287370229508035,3.4133704077288614,0.3300002434086318,0.20400006518780509
knee_ruleA,4,2012-06-25,48,3.588744060416667,3.4606773596361418,3.561146952932177,0.12806670078052484,0.027597107484489524
knee_ruleA,5,2012-06-26,48,3.3450276750000003,3.6271663384975743,3.5040706243945183,-0.2821386634975743,-0.1590429493945182
knee_ruleA,4,2012-06-27,48,2.8715724887499996,3.1154278668403097,3.1959321068307687,-0.24385537809030966,-0.3243596180807688
knee_ruleA,2,2012-06-28,48,2.6015098025000003,2.522686464958029,2.5530298617419973,0.07882333754197064,0.048479940758002604
knee_ruleA,5,2012-06-29,48,3.3835941145833335,3.6687077201625122,3.5471943057043482,-0.2851136055791791,-0.16360019112101473
knee_ruleA,5,2012-06-30,48,2.9133323829166664,3.2520954702715468,3.167182013531536,-0.3387630873548802,-0.2538496306148696
knee_ruleA,1,2012-07-01,48,2.5759667938541666,2.665934485385196,2.674887503768223,-0.08996769153102925,-0.09892070991405659
knee_ruleA,3,2012-07-02,42,2.9145822404761907,3.151741167341144,3.156315758444115,-0.23715892686495357,-0.24173351796792414
knee_ruleA,3,2012-07-03,48,2.5154627541666668,2.8057665302593193,2.8049588238458756,-0.29030377609265295,-0.289496069679209
knee_ruleA,4,2012-07-04,48,2.6683533291666666,3.391420725398086,3.4832034806800274,-0.7230673962314191,-0.8148501515133607
knee_ruleA,3,2012-07-05,48,3.0286032791666666,2.779466568685186,2.7760810703451333,0.24913671048148087,0.2525222088215336
knee_ruleA,1,2012-07-06,46,2.6821343260869566,3.155225973009818,3.212326926964903,-0.4730916469228613,-0.5301926008779464
knee_ruleA,1,2012-07-07,44,3.637924677272727,3.098409392541692,3.1291410967095388,0.5395152847310353,0.5087835805631882
knee_ruleA,4,2012-07-08,46,2.952379802173913,3.2586461390408545,3.3308589232369035,-0.30626633686694116,-0.3784791210629908
knee_ruleA,3,2012-07-09,48,2.5226163520833333,3.744501773833458,3.752513431610191,-1.2218854217501247,-1.2298970795268578
knee_ruleA,2,2012-07-10,48,3.164615041458333,3.772124796386578,3.9869824800601514,-0.6075097549282448,-0.8223674386018184
knee_ruleA,3,2012-07-11,48,3.165003675,4.767388842275259,4.79225821157085,-1.6023851672752585,-1.6272545365708497
knee_ruleA,5,2012-07-12,48,2.8945481479166664,5.86375689060266,5.574229510977634,-2.969208742685993,-2.679681363060968
knee_ruleA,5,2012-07-13,48,2.438382886875,4.405933850457868,4.29297846429536,-1.9675509635828679,-1.8545955774203604
knee_ruleA,4,2012-07-14,48,2.6562699875,4.611960307302698,4.751429961003176,-1.955690319802698,-2.095159973503175
knee_ruleA,5,2012-07-15,48,3.2690944749999997,6.0177989715217555,5.730740292077944,-2.7487044965217553,-2.4616458170779443
knee_ruleA,5,2012-07-16,48,3.3365409666666666,6.4272824410266045,6.09508266760671,-3.090741474359938,-2.7585417009400435
knee_ruleA,5,2012-07-17,47,3.506454780851064,5.498981934555054,5.28083735450231,-1.9925271537039908,-1.7743825736512469
knee_ruleA,2,2012-07-18,48,4.31823554375,4.508720303962423,4.7565641898331865,-0.1904847602124223,-0.4383286460831865
knee_ruleA,3,2012-07-19,48,4.235942120833333,4.9504348178562125,4.969261682374218,-0.714492697022879,-0.7333195615408847
knee_ruleA,4,2012-07-20,48,4.197089585416667,4.9643444290242424,5.108945476798859,-0.7672548436075757,-0.9118558913821925
knee_ruleA,1,2012-07-21,48,3.581241858333333,4.070387999661187,4.111837839286703,-0.48914614132785306,-0.5305959809533695
knee_ruleA,3,2012-07-22,48,3.47300988125,4.0177626212723085,4.015372287111211,-0.5447527400223087,-0.5423624058612112
knee_ruleA,3,2012-07-23,48,3.6027254916666664,4.080033490908168,4.08137043994818,-0.4773079992415012,-0.478644948281513
knee_ruleA,5,2012-07-24,48,3.5953668183333334,3.3795896857817915,3.4062367913770744,0.215777132551542,0.189130026956259
knee_ruleA,4,2012-07-25,48,4.1132118166666665,4.2294940733236635,4.325090433673907,-0.11628225665699639,-0.21187861700724034
knee_ruleA,3,2012-07-26,47,4.945090108510638,4.809733272303325,4.820248670406461,0.13535683620731312,0.12484143810417693
knee_ruleA,5,2012-07-27,46,4.631375795652175,4.981280526983696,4.853781936343473,-0.34990473133152206,-0.22240614069129866
knee_ruleA,5,2012-07-28,48,5.015409016666667,5.274644595037455,5.125013143531359,-0.2592355783707885,-0.10960412686469272
knee_ruleA,1,2012-07-29,48,5.191188340208334,5.374334025451986,5.614089998771186,-0.18314568524365138,-0.422901658562852
knee_ruleA,1,2012-07-30,48,5.172252041666667,6.283382310653234,6.649966202422513,-1.1111302689865672,-1.477714160755846
knee_ruleA,5,2012-07-31,48,6.134338235416667,5.8822480672308695,5.68528831613873,0.2520901681857975,0.4490499192779371
knee_ruleA,5,2012-08-01,48,6.280896235416667,5.7793741639500285,5.589004443503257,0.5015220714666379,0.6918917919134085
knee_ruleA,2,2012-08-02,48,6.6504443,5.562385844341943,5.908955490083613,1.088058455658057,0.7414888099163871
knee_ruleA,4,2012-08-03,48,7.160892158333333,5.86625719584769,6.045685465409388,1.2946349624856437,1.115206692923945
knee_ruleA,3,2012-08-04,48,6.567858770833333,5.370352872501159,5.381190631393237,1.1975058983321747,1.1866681394400957
knee_ruleA,3,2012-08-05,48,6.946719375,6.1224194679944945,6.143351039368209,0.8242999070055057,0.803368335631791
knee_ruleA,4,2012-08-06,48,5.922653764583334,4.23334228882784,4.292671282182025,1.6893114757554935,1.6299824824013083
knee_ruleA,4,2012-08-07,48,7.153456070833333,5.243651412546129,5.371543789343797,1.9098046582872048,1.7819122814895356
knee_ruleA,3,2012-08-08,48,7.373567145833333,7.684291501858392,7.722485660507632,-0.31072435602505916,-0.3489185146742984
knee_ruleA,2,2012-08-09,47,7.0186513255319145,5.9640107583533934,6.277286141077429,1.0546405671785222,0.7413651844544851
knee_ruleA,5,2012-08-10,48,6.428932797916667,6.5935776890801145,6.420585191832412,-0.16464489116344797,0.008347606084254952
knee_ruleA,2,2012-08-11,48,6.577051102083334,6.224774976433705,6.542109102755087,0.35227612564962824,0.03494199932824696
knee_ruleA,1,2012-08-12,48,6.641491183333333,5.9952406289241,6.151994319667602,0.6462505544092335,0.4894968636657306
knee_ruleA,2,2012-08-13,48,7.441026860416667,7.121702248403934,7.7124643519977525,0.3193246120127327,-0.2714374915810861
knee_ruleA,3,2012-08-14,44,5.585122643181818,6.406521819910526,6.41358650666038,-0.8213991767287077,-0.8284638634785622
knee_ruleA,5,2012-08-15,48,6.8359822562499994,7.243940250383777,7.055898092124198,-0.4079579941337775,-0.21991583587419836
knee_ruleA,4,2012-08-16,48,7.5789022125,7.141946128917033,7.35325787935568,0.4369560835829663,0.22564433314431978
knee_ruleA,4,2012-08-17,48,7.50730011875,6.101917203261517,6.241443157193473,1.4053829154884827,1.265856961556527
knee_ruleA,1,2012-08-18,48,6.590918335416667,6.0715123750564635,6.144091945350215,0.5194059603602031,0.44682639006645175
knee_ruleA,1,2012-08-19,48,8.61395005625,7.662277895216377,8.00780901278488,0.9516721610336232,0.606141043465119
knee_ruleA,3,2012-08-20,48,7.9814005833333335,7.029559765720658,7.0440489296492155,0.9518408176126759,0.9373516536841172
knee_ruleA,2,2012-08-21,48,8.186272847916667,7.2817372788994215,7.739588537083866,0.9045355690172451,0.4466843108328009
knee_ruleA,4,2012-08-22,48,7.327301362499999,8.704407925853689,9.008240098038291,-1.3771065633536876,-1.6809387355382899
knee_ruleA,5,2012-08-23,48,8.517630725,8.216886685321356,7.9580291098917355,0.3007440396786436,0.5596016151082651
knee_ruleA,5,2012-08-24,48,8.681626145833333,8.37818139750546,8.108320765152914,0.3034447483278742,0.5733053806804188
knee_ruleA,1,2012-08-25,48,9.249283554166666,7.650234117335866,7.926099669175321,1.5990494368308006,1.323183884991345
knee_ruleA,4,2012-08-26,48,9.87117175,8.261278274143086,8.515189592074572,1.6098934758569141,1.3559821579254272
knee_ruleA,4,2012-08-27,48,10.066777154166667,7.879742405211732,8.113313749738202,2.1870347489549347,1.9534634044284644
knee_ruleA,2,2012-08-28,48,9.852360588333333,8.32553355262544,8.911924489215329,1.5268270357078935,0.9404360991180044
knee_ruleA,1,2012-08-29,48,21.97209148125,8.3018820307379,8.627063227232734,13.670209450512099,13.345028254017267
knee_ruleA,2,2012-08-30,48,28.967427914583336,7.947937004342069,8.405167731468836,21.019490910241263,20.562260183114496
knee_ruleA,4,2012-08-31,48,13.058101424999998,8.69210142583599,8.964516308268072,4.365999999164011,4.093585116731929
knee_ruleA,5,2012-09-01,46,6.837848882608696,9.89561145853217,9.493360731038797,-3.0577625759234732,-2.6555118484301015
knee_ruleA,1,2012-09-02,39,2.226128878205128,6.2643116778124295,6.243100355513257,-4.038182799607301,-4.016971477308129
knee_ruleA,2,2012-09-03,44,2.9446648161363638,6.526336219992566,6.6151700925123915,-3.5816714038562014,-3.670505276376027
knee_ruleA,2,2012-09-04,37,2.855260219216216,6.627873900619178,6.754665437528967,-3.772613681402961,-3.8994052183127517
knee_ruleA,5,2012-09-05,31,2.949354112903226,8.894849138602103,8.64575930045804,-5.945495025698875,-5.696405187554814
knee_ruleA,3,2012-09-06,38,2.514661660526316,6.1099245255098795,6.099776331355976,-3.595262864983563,-3.5851146708296606
knee_ruleA,1,2012-09-07,42,1.6679321140476189,7.726204995341244,7.992775283087018,-6.058272881293625,-6.324843169039398
knee_ruleA,4,2012-09-08,48,3.0139437527083337,7.5175672845260655,7.704703872432394,-4.503623531817732,-4.690760119724062
knee_ruleA,2,2012-09-09,48,4.418429550208333,8.808011367243253,9.472137386515886,-4.38958181703492,-5.053707836307552
knee_ruleA,5,2012-09-10,16,2.077358675,5.983770993329664,6.039539150207682,-3.906412318329664,-3.962180475207682
complex_ruleA,2,2012-04-16,17,0.2202384731764706,0.2987197354682275,0.21939532669268105,-0.07848126229175693,0.0008431464837895383
complex_ruleA,5,2012-04-17,44,0.08553189661363636,0.45396704391924914,0.2005814435850386,-0.36843514730561283,-0.11504954697140227
complex_ruleA,4,2012-04-18,46,0.10277196365217392,0.7404970213264523,0.25168748160249016,-0.6377250576742785,-0.14891551795031624
complex_ruleA,4,2012-04-19,48,0.13160591110416667,0.7374185149712843,0.2512522113188774,-0.6058126038671175,-0.11964630021471075
complex_ruleA,2,2012-04-20,47,0.19268152623404253,0.3328716278749111,0.2482645717012739,-0.1401901016408685,-0.05558304546723132
complex_ruleA,3,2012-04-21,48,0.31302222352083336,0.572234970021259,0.256139090344025,-0.25921274650042564,0.056883133176808355
complex_ruleA,4,2012-04-22,47,0.22889915329787233,0.5449173704479544,0.1841982679377265,-0.31601821715008205,0.044700885360145826
complex_ruleA,3,2012-04-23,48,0.09675257410416667,0.39374348718510865,0.17416353354556444,-0.296990913080942,-0.07741095944139777
complex_ruleA,4,2012-04-24,48,-0.12169867535416667,0.6732270788654233,0.22855130435221052,-0.79492575421959,-0.35024997970637717
complex_ruleA,1,2012-04-25,48,0.12789548795833333,0.47343629396580317,0.2519223288400225,-0.34554080600746984,-0.12402684088168918
complex_ruleA,2,2012-04-26,48,0.031396444041666666,0.3501111346040023,0.2626736431198995,-0.31871469056233565,-0.23127719907823283
complex_ruleA,2,2012-04-27,33,-0.0011584061818181795,0.2511167556369674,0.178831895939114,-0.2522751618187856,-0.17999030212093217
complex_ruleA,1,2012-04-28,17,0.1495946152352941,0.44200286231713026,0.2344193568296913,-0.29240824708183616,-0.08482474159439718
complex_ruleA,4,2012-04-29,48,0.0563516495625,0.6551964636224565,0.22628145791210494,-0.5988448140599566,-0.16992980834960492
complex_ruleA,5,2012-04-30,48,0.067841465,0.4992256470126728,0.22642498099432826,-0.43138418201267287,-0.15858351599432827
complex_ruleA,3,2012-05-01,35,-0.011450152857142857,0.5826194092540864,0.27389745660145115,-0.5940695621112292,-0.285347609458594
complex_ruleA,2,2012-05-02,23,0.03662533839130435,0.32230065943215835,0.2360293185136093,-0.28567532104085397,-0.19940398012230492
complex_ruleA,4,2012-05-03,48,0.09201962160416667,0.5474279616379024,0.20174826444287128,-0.4554083400337357,-0.10972864283870461
complex_ruleA,1,2012-05-04,40,0.085187383475,0.3730802106547285,0.20272422183670374,-0.28789282717972847,-0.11753683836170374
complex_ruleA,1,2012-05-05,48,0.0777986770625,0.6161974952790338,0.35971576692815416,-0.5383988182165337,-0.28191708986565417
complex_ruleA,5,2012-05-06,46,0.009543028086956524,0.6239501046834315,0.3043907855506248,-0.614407076596475,-0.2948477574636683
complex_ruleA,5,2012-05-07,48,0.021618651333333332,0.5955199598050818,0.30272487225039807,-0.5739013084717485,-0.2811062209170647
complex_ruleA,1,2012-05-08,48,0.19335431079166668,0.4775557837798634,0.2873070766563429,-0.28420147298819676,-0.09395276586467623
complex_ruleA,2,2012-05-09,42,0.1434148763095238,0.3714422548125455,0.2744327437660734,-0.22802737850302165,-0.1310178674565496
complex_ruleA,2,2012-05-10,40,0.319251258275,0.3512991583306707,0.25642487904534567,-0.03204790005567067,0.06282637922965437
complex_ruleA,2,2012-05-11,48,0.17239545895833333,0.4802226740495495,0.36758145885715576,-0.3078272150912162,-0.19518599989882246
complex_ruleA,1,2012-05-12,48,0.17601843233333334,0.7362213169946501,0.5051894318665665,-0.5602028846613168,-0.3291709995332332
complex_ruleA,2,2012-05-13,48,0.17704623283333332,0.46469201136123667,0.3540797026652435,-0.28764577852790335,-0.17703346983191018
complex_ruleA,2,2012-05-14,48,0.27600001625,0.546072124319332,0.42563999467900665,-0.2700721080693321,-0.14963997842900664
complex_ruleA,1,2012-05-15,47,0.35306912361702125,0.5005900830173698,0.3469134395995369,-0.14752095940034857,0.006155684017484384
complex_ruleA,1,2012-05-16,48,0.4190129162291667,0.7004598982737358,0.5227422336943536,-0.2814469820445691,-0.10372931746518683
complex_ruleA,1,2012-05-17,48,0.5381429567708333,0.7063937613575293,0.5365887543561499,-0.16825080458669595,0.0015542024146833224
complex_ruleA,5,2012-05-18,39,0.4551124043333334,0.8251750077614936,0.6012951464915748,-0.3700626034281602,-0.14618274215824137
complex_ruleA,3,2012-05-19,48,0.4896868033125,0.758737334122781,0.5869393295444748,-0.269050530810281,-0.09725252623197482
complex_ruleA,3,2012-05-20,48,0.47750789,0.7860751462831077,0.6220510885326513,-0.3085672562831076,-0.14454319853265132
complex_ruleA,3,2012-05-21,48,0.8335178516666667,0.8247309485377182,0.6669177064931034,0.008786903128948505,0.16660014517356322
complex_ruleA,1,2012-05-22,32,0.702621915625,0.6853548940184262,0.547007134165703,0.01726702160657385,0.15561478145929702
complex_ruleA,5,2012-05-23,46,0.6635871663260869,0.8036401311956776,0.6521982226059054,-0.1400529648695905,0.011388943720181548
complex_ruleA,4,2012-05-24,48,0.6281435369791667,0.9203489840833955,0.726476429448228,-0.2922054471042288,-0.09833289246906139
complex_ruleA,3,2012-05-25,38,0.8183735249999999,0.7534527525475152,0.6525982673437482,0.06492077245248477,0.16577525765625184
complex_ruleA,2,2012-05-26,48,0.6980216629166667,0.9070176261723599,0.7620731200403369,-0.20899596325569322,-0.06405145712367023
complex_ruleA,5,2012-05-27,48,0.8635254579166666,1.189675862969875,1.026892172688026,-0.3261504050532082,-0.16336671477135942
complex_ruleA,2,2012-05-28,45,1.0706195379333332,1.1210347753411163,0.9695674235050515,-0.05041523740778286,0.10105211442828178
complex_ruleA,3,2012-05-29,47,1.2441222806595744,0.96733406852383,0.8914665805290803,0.2767882121357445,0.35265570013049413
complex_ruleA,3,2012-05-30,39,1.3168110543589744,0.9633915827195113,0.9020288582536333,0.353419471639463,0.41478219610534095
complex_ruleA,2,2012-05-31,48,1.122336043125,1.0526671557708225,0.9028640876876769,0.06966888735417749,0.21947195543732312
complex_ruleA,4,2012-06-01,47,1.408223744680851,0.9002077419353499,0.8518692494708476,0.5080160027455011,0.5563544952100034
complex_ruleA,3,2012-06-02,48,1.5114160385416666,1.0796326266072873,1.057066148044757,0.43178341193437947,0.4543498904969099
complex_ruleA,5,2012-06-03,48,1.7375850125,1.1227928287340612,1.0771332838213108,0.6147921837659388,0.6604517286786892
complex_ruleA,3,2012-06-04,48,1.8668908327083333,1.2644228657652354,1.2723454491081923,0.602467966943098,0.594545383600141
complex_ruleA,4,2012-06-05,48,2.0323514729166665,1.3001810677631855,1.3424812158779806,0.7321704051534811,0.689870257038686
complex_ruleA,1,2012-06-06,48,1.9727137145833333,1.3164491696595324,1.2457695065492689,0.6562645449238009,0.7269442080340643
complex_ruleA,5,2012-06-07,48,2.1687674958333334,1.5034311242774134,1.4895204471984786,0.6653363715559198,0.6792470486348549
complex_ruleA,3,2012-06-08,48,2.3881609270833333,1.3466694567664694,1.396028988931355,1.0414914703168636,0.9921319381519781
complex_ruleA,4,2012-06-09,38,2.1885792210526316,1.127849042780218,1.2134560841733621,1.060730178272414,0.9751231368792693
complex_ruleA,1,2012-06-10,48,2.3298899375,1.6047068946434573,1.56302551378206,0.7251830428565428,0.7668644237179402
complex_ruleA,2,2012-06-11,45,2.215788988888889,1.6490855677273633,1.4958137747274491,0.5667034211615258,0.7199752141614397
complex_ruleA,5,2012-06-12,47,2.466926670212766,1.4219068080835142,1.4688617226528555,1.0450198621292517,0.9980649475599105
complex_ruleA,5,2012-06-13,48,2.355464260416667,1.7557494828342683,1.8119868112550706,0.5997147775823983,0.5434774491615961
complex_ruleA,5,2012-06-14,48,2.396814725,1.867072779025487,1.9343289073851526,0.5297419459745129,0.4624858176148474
complex_ruleA,2,2012-06-15,48,2.2765174375,2.010673418531462,1.8684989507724603,0.2658440189685381,0.4080184867275396
complex_ruleA,4,2012-06-16,48,2.12172636875,1.317262316334114,1.4929056539741188,0.804464052415886,0.6288207147758814
complex_ruleA,3,2012-06-17,48,2.4683254604166667,1.4013760480126132,1.4988517027941886,1.0669494124040535,0.9694737576224779
complex_ruleA,4,2012-06-18,48,2.57933425,1.820863197701672,2.0806287808375816,0.7584710522983279,0.4987054691624186
complex_ruleA,1,2012-06-19,48,2.7591370666666664,1.9116321712984108,1.8939797785810863,0.8475048953682559,0.8651572880855803
complex_ruleA,2,2012-06-20,48,4.0653092766666665,2.9977274028589047,2.9191831547732114,1.0675818738077618,1.1461261218934549
complex_ruleA,1,2012-06-21,48,2.852546154166667,1.8584343269476886,1.8308133134336753,0.9941118272189778,1.0217328407329915
complex_ruleA,1,2012-06-22,35,2.690932479428571,1.7859720096718978,1.747310058030826,0.9049604697566737,0.9436224213977453
complex_ruleA,3,2012-06-23,46,3.013371210869565,1.774813082290683,1.9176542439692368,1.2385581285788823,1.0957169669003282
complex_ruleA,1,2012-06-24,48,3.617370472916667,2.1860241116998873,2.199803024767166,1.4313463612167794,1.4175674481495006
complex_ruleA,4,2012-06-25,48,3.588744060416667,1.8090624725103657,2.0862149866394164,1.7796815879063013,1.50252907377725
complex_ruleA,5,2012-06-26,48,3.3450276750000003,2.14691539695283,2.2446850394460154,1.19811227804717,1.1003426355539843
complex_ruleA,4,2012-06-27,48,2.8715724887499996,1.7302593490733649,1.98981265079882,1.1413131396766352,0.8817598379511798
complex_ruleA,2,2012-06-28,48,2.6015098025000003,1.9348199858085697,1.7794518547245357,0.6666898166914303,0.8220579477754644
complex_ruleA,5,2012-06-29,48,3.3835941145833335,2.122854700609079,2.220374283106462,1.2607394139742547,1.1632198314768711
complex_ruleA,5,2012-06-30,48,2.9133323829166664,2.006964889173996,2.10678665855095,0.9063674937426706,0.8065457243657169
complex_ruleA,1,2012-07-01,48,2.5759667938541666,1.8434638614094279,1.8043299773778025,0.732502932444739,0.7716368164763643
complex_ruleA,3,2012-07-02,42,2.9145822404761907,1.924614474008035,2.0879722219836157,0.9899677664681554,0.8266100184925749
complex_ruleA,3,2012-07-03,48,2.5154627541666668,1.8208578280850143,1.9723451337489222,0.6946049260816523,0.5431176204177445
complex_ruleA,4,2012-07-04,48,2.6683533291666666,2.0082618998714987,2.326863832740868,0.6600914292951677,0.3414894964257987
complex_ruleA,3,2012-07-05,48,3.0286032791666666,1.793569467179695,1.9421107346487716,1.2350338119869717,1.0864925445178948
complex_ruleA,1,2012-07-06,46,2.6821343260869566,2.2217899828662873,2.217119926368506,0.4603443432206691,0.46501439971845054
complex_ruleA,1,2012-07-07,44,3.637924677272727,2.172480309856814,2.1535997310591672,1.4654443674159128,1.4843249462135597
complex_ruleA,4,2012-07-08,46,2.952379802173913,2.0565584580906853,2.385459425507209,0.8958213440832279,0.5669203766667039
complex_ruleA,3,2012-07-09,48,2.5226163520833333,2.5331749798473546,2.765052816934149,-0.010558627764021286,-0.24243646485081558
complex_ruleA,2,2012-07-10,48,3.164615041458333,3.1697313693500053,3.097669816747341,-0.005116327891671972,0.06694522471099226
complex_ruleA,3,2012-07-11,48,3.165003675,3.5517179534994603,3.8956064994547965,-0.3867142784994601,-0.7306028244547965
complex_ruleA,5,2012-07-12,48,2.8945481479166664,3.9435976004193978,4.140981476722428,-1.0490494525027307,-1.2464333288057607
complex_ruleA,5,2012-07-13,48,2.438382886875,3.061607699957143,3.246431438465842,-0.623224813082143,-0.8080485515908419
complex_ruleA,4,2012-07-14,48,2.6562699875,3.1806090511704928,3.6605668301722623,-0.5243390636704931,-1.0042968426722618
complex_ruleA,5,2012-07-15,48,3.2690944749999997,4.408416596913757,4.621509456362936,-1.1393221219137577,-1.3524149813629363
complex_ruleA,5,2012-07-16,48,3.3365409666666666,4.812349582009173,5.032633099745643,-1.4758086153425058,-1.6960921330789764
complex_ruleA,5,2012-07-17,47,3.506454780851064,4.156244538030523,4.3671233042341795,-0.6497897571794596,-0.8606685233831157
complex_ruleA,2,2012-07-18,48,4.31823554375,3.907088719642967,3.893426838629002,0.411146824107033,0.42480870512099833
complex_ruleA,3,2012-07-19,48,4.235942120833333,4.064213268366459,4.414330723395527,0.17172885246687383,-0.17838860256219427
complex_ruleA,4,2012-07-20,48,4.197089585416667,3.533884455664411,4.016841550647177,0.663205129752256,0.1802480347694894
complex_ruleA,1,2012-07-21,48,3.581241858333333,3.4179200993426933,3.4394130771778664,0.16332175899064025,0.14182878115546668
complex_ruleA,3,2012-07-22,48,3.47300988125,3.17783324091727,3.413767678355713,0.2951766403327301,0.059242202894286757
complex_ruleA,3,2012-07-23,48,3.6027254916666664,3.5332052919249293,3.798810134736778,0.06952019974173733,-0.19608464307011197
complex_ruleA,5,2012-07-24,48,3.5953668183333334,3.248811782633249,3.4524616756860342,0.346555035700084,0.14290514264729948
complex_ruleA,4,2012-07-25,48,4.1132118166666665,3.6679302447990776,4.088615993973488,0.44528157186758915,0.02459582269317843
complex_ruleA,3,2012-07-26,47,4.945090108510638,4.272147852286128,4.588059927383251,0.6729422562245095,0.3570301811273865
complex_ruleA,5,2012-07-27,46,4.631375795652175,4.446291354866343,4.658126678622745,0.18508444078583125,-0.02675088297057048
complex_ruleA,5,2012-07-28,48,5.015409016666667,4.655648774623514,4.868155382216826,0.3597602420431523,0.14725363444984063
complex_ruleA,1,2012-07-29,48,5.191188340208334,5.21881364056577,5.459748015166498,-0.027625300357437026,-0.26855967495816446
complex_ruleA,1,2012-07-30,48,5.172252041666667,5.947168484608821,6.296764596338658,-0.7749164429421546,-1.1245125546719914
complex_ruleA,5,2012-07-31,48,6.134338235416667,5.406793670340235,5.613286963171091,0.7275445650764314,0.5210512722455765
complex_ruleA,5,2012-08-01,48,6.280896235416667,5.556671080880043,5.758933735015037,0.7242251545366236,0.5219625004016295
complex_ruleA,2,2012-08-02,48,6.6504443,5.673338574203803,5.867874179536256,0.9771057257961976,0.7825701204637444
complex_ruleA,4,2012-08-03,48,7.160892158333333,5.72599717651173,6.162368239403726,1.4348949818216028,0.9985239189296067
complex_ruleA,3,2012-08-04,48,6.567858770833333,5.41970578907839,5.717848887632311,1.1481529817549427,0.8500098832010222
complex_ruleA,3,2012-08-05,48,6.946719375,6.192545857398653,6.530292550184537,0.7541735176013468,0.4164268248154621
complex_ruleA,4,2012-08-06,48,5.922653764583334,4.748355821923866,4.9865548548998975,1.174297942659467,0.9360989096834357
complex_ruleA,4,2012-08-07,48,7.153456070833333,5.9702689068887045,6.238039337702463,1.1831871639446285,0.915416733130871
complex_ruleA,3,2012-08-08,48,7.373567145833333,7.815643708725506,8.175231609964941,-0.44207656289217306,-0.8016644641316076
complex_ruleA,2,2012-08-09,47,7.0186513255319145,6.817996422426074,7.154003483343961,0.20065490310584086,-0.13535215781204576
complex_ruleA,5,2012-08-10,48,6.428932797916667,7.128477977185121,7.242203685670417,-0.6995451792684545,-0.8132708877537498
complex_ruleA,2,2012-08-11,48,6.577051102083334,7.162318885119686,7.543698232831325,-0.5852677830363531,-0.9666471307479921
complex_ruleA,1,2012-08-12,48,6.641491183333333,7.421743445414408,7.625542438335096,-0.7802522620810749,-0.9840512550017623
complex_ruleA,2,2012-08-13,48,7.441026860416667,9.1000346259718,9.8635281532628,-1.659007765555133,-2.4225012928461336
complex_ruleA,3,2012-08-14,44,5.585122643181818,7.212859697021376,7.35397482469115,-1.6277370538395581,-1.7688521815093323
complex_ruleA,5,2012-08-15,48,6.8359822562499994,8.246503860680674,8.274704714465413,-1.4105216044306752,-1.4387224582154132
complex_ruleA,4,2012-08-16,48,7.5789022125,9.275201912547834,9.144509356363681,-1.6962997000478326,-1.5656071438636807
complex_ruleA,4,2012-08-17,48,7.50730011875,8.336306818731915,8.151537889119831,-0.8290066999819138,-0.6442377703698313
complex_ruleA,1,2012-08-18,48,6.590918335416667,7.898241573751239,7.977463763128914,-1.3073232383345719,-1.386545427712248
complex_ruleA,1,2012-08-19,48,8.61395005625,10.161184098401911,10.58869117903732,-1.547234042151911,-1.9747411227873204
complex_ruleA,3,2012-08-20,48,7.9814005833333335,9.417251429533303,9.458694869712426,-1.435850846199969,-1.4772942863790919
complex_ruleA,2,2012-08-21,48,8.186272847916667,9.88402523821386,10.74286833234387,-1.6977523902971934,-2.556595484427202
complex_ruleA,4,2012-08-22,48,7.327301362499999,13.054171864897247,12.40166081689914,-5.726870502397247,-5.074359454399142
complex_ruleA,5,2012-08-23,48,8.517630725,11.269609582429455,11.049757083930695,-2.7519788574294552,-2.5321263589306953
complex_ruleA,5,2012-08-24,48,8.681626145833333,11.671725099573704,11.41204855629205,-2.99009895374037,-2.730422410458715
complex_ruleA,1,2012-08-25,48,9.249283554166666,11.211537379544382,11.557047154267567,-1.9622538253777153,-2.3077636001009
complex_ruleA,4,2012-08-26,48,9.87117175,13.38188696292246,12.366665862212677,-3.510715212922459,-2.4954941122126777
complex_ruleA,4,2012-08-27,48,10.066777154166667,13.64710683358343,12.520067787477862,-3.580329679416766,-2.4532906333111932
complex_ruleA,2,2012-08-28,48,9.852360588333333,11.821458081340223,13.043864239645709,-1.96909749300689,-3.191503651312375
complex_ruleA,1,2012-08-29,48,21.97209148125,11.274787089162075,12.139863200852083,10.697304392087927,9.832228280397915
complex_ruleA,2,2012-08-30,48,28.967427914583336,10.741005627719103,11.828721722333329,18.22642228686423,17.138706192250005
complex_ruleA,4,2012-08-31,48,13.058101424999998,10.58995107586874,11.122697305845058,2.46815034913126,1.935404119154941
complex_ruleA,5,2012-09-01,46,6.837848882608696,5.659397887110453,5.399431614761954,1.1784509954982425,1.4384172678467413
complex_ruleA,1,2012-09-02,39,2.226128878205128,3.0568264881207172,2.9293351663325904,-0.8306976099155892,-0.7032062881274623
complex_ruleA,2,2012-09-03,44,2.9446648161363638,3.0776304465845494,3.529553048969949,-0.13296563044818585,-0.5848882328335854
complex_ruleA,2,2012-09-04,37,2.855260219216216,4.76067820250803,5.130879641493444,-1.9054179832918139,-2.275619422277228
complex_ruleA,5,2012-09-05,31,2.949354112903226,5.433334623048068,5.1553756896196266,-2.483980510144842,-2.2060215767164
complex_ruleA,3,2012-09-06,38,2.514661660526316,3.935822906258599,3.8354314501895153,-1.4211612457322835,-1.3207697896631998
complex_ruleA,1,2012-09-07,42,1.6679321140476189,3.9936896423957107,3.6957729623635664,-2.325757528348092,-2.0278408483159476
complex_ruleA,4,2012-09-08,48,3.0139437527083337,3.897108363135192,3.4188765527717204,-0.8831646104268586,-0.4049328000633869
complex_ruleA,2,2012-09-09,48,4.418429550208333,3.3780132204097613,4.223135258583323,1.0404163297985722,0.19529429162501036
complex_ruleA,5,2012-09-10,16,2.077358675,3.0363233959166336,2.793312475634112,-0.9589647209166338,-0.7159538006341118
best_accuracy_ruleA,2,2012-04-16,17,0.2202384731764706,0.24120195739916445,0.2490969862584001,-0.02096348422269388,-0.028858513081929507
best_accuracy_ruleA,5,2012-04-17,44,0.08553189661363636,0.26997011576877844,0.24909698625840007,-0.1844382191551421,-0.16356508964476377
best_accuracy_ruleA,4,2012-04-18,46,0.10277196365217392,0.23263079283238905,0.24909698625840007,-0.12985882918021516,-0.14632502260622618
best_accuracy_ruleA,4,2012-04-19,48,0.13160591110416667,0.23263079283238908,0.24909698625840013,-0.10102488172822242,-0.11749107515423345
best_accuracy_ruleA,2,2012-04-20,47,0.19268152623404253,0.24120195739916447,0.2490969862584001,-0.048520431165121926,-0.05641546002435755
best_accuracy_ruleA,3,2012-04-21,48,0.31302222352083336,0.2647136494359173,0.24909698625840013,0.04830857408491603,0.06392523726243322
best_accuracy_ruleA,4,2012-04-22,47,0.22889915329787233,0.23263079283238908,0.2490969862584001,-0.00373163953451674,-0.02019783296052776
best_accuracy_ruleA,3,2012-04-23,48,0.09675257410416667,0.2647136494359173,0.24909698625840013,-0.16796107533175064,-0.15234441215423342
best_accuracy_ruleA,4,2012-04-24,48,-0.12169867535416667,0.23263079283238908,0.24909698625840013,-0.3543294681865557,-0.3707956616125668
best_accuracy_ruleA,1,2012-04-25,48,0.12789548795833333,0.6252500096740171,0.5955329567670578,-0.4973545217156838,-0.4676374688087244
best_accuracy_ruleA,2,2012-04-26,48,0.031396444041666666,1.2381432210747774,1.2464436140372912,-1.2067467770331106,-1.2150471699956247
best_accuracy_ruleA,2,2012-04-27,33,-0.0011584061818181795,1.2259585856923354,1.233402736531688,-1.2271169918741534,-1.2345611427135061
best_accuracy_ruleA,1,2012-04-28,17,0.1495946152352941,1.262091954534452,1.22895315327813,-1.112497339299158,-1.0793585380428357
best_accuracy_ruleA,4,2012-04-29,48,0.0563516495625,1.2061888082706969,1.2225515086401346,-1.1498371587081968,-1.1661998590776346
best_accuracy_ruleA,5,2012-04-30,48,0.067841465,1.2343543781013984,1.2089411634944904,-1.1665129131013983,-1.1410996984944906
best_accuracy_ruleA,3,2012-05-01,35,-0.011450152857142857,1.2066514334825993,1.1909872483184285,-1.2181015863397422,-1.2024374011755714
best_accuracy_ruleA,2,2012-05-02,23,0.03662533839130435,1.2263322736030318,1.2370020293027857,-1.1897069352117275,-1.2003766909114812
best_accuracy_ruleA,4,2012-05-03,48,0.09201962160416667,1.1893536958383022,1.2061098460785011,-1.0973340742341355,-1.1140902244743345
best_accuracy_ruleA,1,2012-05-04,40,0.085187383475,1.2908895191837042,1.2596218438000177,-1.205702135708704,-1.1744344603250176
best_accuracy_ruleA,1,2012-05-05,48,0.0777986770625,1.2883169636394802,1.2542940257791066,-1.2105182865769801,-1.1764953487166068
best_accuracy_ruleA,5,2012-05-06,46,0.009543028086956524,1.1731837719827916,1.1432461835143664,-1.163640743895835,-1.1337031554274097
best_accuracy_ruleA,5,2012-05-07,48,0.021618651333333332,1.182972433568141,1.15161313240253,-1.1613537822348077,-1.1299944810691966
best_accuracy_ruleA,1,2012-05-08,48,0.19335431079166668,1.2074846841223386,1.1609673039105342,-1.014130373330672,-0.9676129931188675
best_accuracy_ruleA,2,2012-05-09,42,0.1434148763095238,1.156249702132948,1.1509951579059752,-1.0128348258234243,-1.0075802815964514
best_accuracy_ruleA,2,2012-05-10,40,0.319251258275,1.1356837753638738,1.1248458162939228,-0.8164325170888738,-0.8055945580189228
best_accuracy_ruleA,2,2012-05-11,48,0.17239545895833333,1.1699973190032578,1.1614052241903197,-0.9976018600449246,-0.9890097652319864
best_accuracy_ruleA,1,2012-05-12,48,0.17601843233333334,1.288455107542128,1.2482775726125965,-1.1124366752087946,-1.0722591402792632
best_accuracy_ruleA,2,2012-05-13,48,0.17704623283333332,1.1316476076589803,1.1141284978015278,-0.9546013748256471,-0.9370822649681946
best_accuracy_ruleA,2,2012-05-14,48,0.27600001625,1.0785898705489532,1.0504240093594706,-0.8025898542989531,-0.7744239931094704
best_accuracy_ruleA,1,2012-05-15,47,0.35306912361702125,1.0987880049924927,1.0297960932718069,-0.7457188813754715,-0.6767269696547856
best_accuracy_ruleA,1,2012-05-16,48,0.4190129162291667,1.1486080831275534,1.0794098073594403,-0.7295951668983865,-0.6603968911302736
best_accuracy_ruleA,1,2012-05-17,48,0.5381429567708333,1.1904726562938333,1.1196594299433424,-0.6523296995229999,-0.5815164731725091
best_accuracy_ruleA,5,2012-05-18,39,0.4551124043333334,1.2056722392512726,1.1710698698124535,-0.7505598349179392,-0.7159574654791202
best_accuracy_ruleA,3,2012-05-19,48,0.4896868033125,1.189042124497954,1.179683875026616,-0.6993553211854541,-0.6899970717141163
best_accuracy_ruleA,3,2012-05-20,48,0.47750789,1.2126204354135648,1.2020429102803705,-0.7351125454135646,-0.7245350202803705
best_accuracy_ruleA,3,2012-05-21,48,0.8335178516666667,1.2906243208642876,1.2753376276168429,-0.4571064691976208,-0.44181977595017624
best_accuracy_ruleA,1,2012-05-22,32,0.702621915625,1.3508480616990433,1.294490860037467,-0.6482261460740432,-0.5918689444124671
best_accuracy_ruleA,5,2012-05-23,46,0.6635871663260869,1.2070995582021131,1.1694251518111591,-0.5435123918760262,-0.5058379854850723
best_accuracy_ruleA,4,2012-05-24,48,0.6281435369791667,1.190974826955677,1.2249382341230575,-0.5628312899765104,-0.5967946971438907
best_accuracy_ruleA,3,2012-05-25,38,0.8183735249999999,1.2899863865128136,1.280133541064615,-0.4716128615128136,-0.46176001606461503
best_accuracy_ruleA,2,2012-05-26,48,0.6980216629166667,1.2601393052653957,1.1997467917695714,-0.5621176423487292,-0.5017251288529048
best_accuracy_ruleA,5,2012-05-27,48,0.8635254579166666,1.3899975011592272,1.3385835678945985,-0.5264720432425606,-0.4750581099779319
best_accuracy_ruleA,2,2012-05-28,45,1.0706195379333332,1.4692874202122665,1.4384596586361234,-0.39866788227893324,-0.36784012070278993
best_accuracy_ruleA,3,2012-05-29,47,1.2441222806595744,1.4423791530609156,1.4285078434641598,-0.19825687240134102,-0.1843855628045853
best_accuracy_ruleA,3,2012-05-30,39,1.3168110543589744,1.0788958592990048,1.086289304223591,0.23791519505996947,0.23052175013538337
best_accuracy_ruleA,2,2012-05-31,48,1.122336043125,1.295119763320702,1.2011783101918476,-0.172783720195702,-0.0788422670668477
best_accuracy_ruleA,4,2012-06-01,47,1.408223744680851,1.0747661444944465,1.1341412012776133,0.33345760018640463,0.2740825434032378
best_accuracy_ruleA,3,2012-06-02,48,1.5114160385416666,1.0367325269083816,1.0522189509239863,0.4746835116332851,0.4591970876176803
best_accuracy_ruleA,5,2012-06-03,48,1.7375850125,1.1664763330897707,1.128344265012585,0.5711086794102292,0.609240747487415
best_accuracy_ruleA,3,2012-06-04,48,1.8668908327083333,1.2490674959927879,1.255833911695315,0.6178233367155453,0.6110569210130182
best_accuracy_ruleA,4,2012-06-05,48,2.0323514729166665,1.29732068558249,1.3507469503339324,0.7350307873341767,0.6816045225827341
best_accuracy_ruleA,1,2012-06-06,48,1.9727137145833333,1.4876829870664292,1.3801242212966292,0.4850307275169041,0.5925894932867043
best_accuracy_ruleA,5,2012-06-07,48,2.1687674958333334,1.5472296965436545,1.5029125360604887,0.6215377992896788,0.6658549597728447
best_accuracy_ruleA,3,2012-06-08,48,2.3881609270833333,1.6300667391622907,1.6229198241690634,0.7580941879210427,0.7652411029142699
best_accuracy_ruleA,4,2012-06-09,38,2.1885792210526316,1.4133639213918514,1.456203922515014,0.77521529966078,0.7323752985376174
best_accuracy_ruleA,1,2012-06-10,48,2.3298899375,1.3701035465297826,1.2236242704747775,0.9597863909702173,1.1062656670252224
best_accuracy_ruleA,2,2012-06-11,45,2.215788988888889,1.4359096630646992,1.2193929535258763,0.7798793258241896,0.9963960353630125
best_accuracy_ruleA,5,2012-06-12,47,2.466926670212766,1.2750981226725382,1.244311128246174,1.191828547540228,1.222615541966592
best_accuracy_ruleA,5,2012-06-13,48,2.355464260416667,1.347679338246551,1.3078517775777412,1.0077849221701156,1.0476124828389255
best_accuracy_ruleA,5,2012-06-14,48,2.396814725,1.6447937718397665,1.5906269247501459,0.7520209531602337,0.8061878002498543
best_accuracy_ruleA,2,2012-06-15,48,2.2765174375,2.639696848511019,2.6833746714653457,-0.3631794110110192,-0.4068572339653456
best_accuracy_ruleA,4,2012-06-16,48,2.12172636875,2.4109796267047545,2.330346169249775,-0.28925325795475465,-0.20861980049977494
best_accuracy_ruleA,3,2012-06-17,48,2.4683254604166667,2.1406084209696803,2.1305636431693924,0.32771703944698627,0.33776181724727405
best_accuracy_ruleA,4,2012-06-18,48,2.57933425,3.116166688644776,2.961332721156241,-0.536832438644776,-0.38199847115624114
best_accuracy_ruleA,1,2012-06-19,48,2.7591370666666664,2.922061705166883,2.940290796287559,-0.16292463850021652,-0.18115372962089196
best_accuracy_ruleA,2,2012-06-20,48,4.0653092766666665,2.751997448197624,2.8063178151872106,1.3133118284690426,1.2589914614794562
best_accuracy_ruleA,1,2012-06-21,48,2.852546154166667,2.7110072094027537,2.7241495281974717,0.14153894476391302,0.12839662596919535
best_accuracy_ruleA,1,2012-06-22,35,2.690932479428571,2.6444259488059547,2.639437444833636,0.046506530622616775,0.051495034594935096
best_accuracy_ruleA,3,2012-06-23,46,3.013371210869565,2.8724783143302184,2.815125235386265,0.14089289653934658,0.19824597548330058
best_accuracy_ruleA,1,2012-06-24,48,3.617370472916667,3.5001765900378636,3.5751186049462196,0.11719388287880299,0.042251867970446944
best_accuracy_ruleA,4,2012-06-25,48,3.588744060416667,4.582610130001518,4.169318318954974,-0.9938660695848512,-0.5805742585383069
best_accuracy_ruleA,5,2012-06-26,48,3.3450276750000003,4.681127905040247,4.483416722829991,-1.3361002300402474,-1.138389047829991
best_accuracy_ruleA,4,2012-06-27,48,2.8715724887499996,4.563735960724633,4.16469920633727,-1.6921634719746328,-1.2931267175872698
best_accuracy_ruleA,2,2012-06-28,48,2.6015098025000003,3.46309996968235,3.624996668464247,-0.8615901671823504,-1.023486865964247
best_accuracy_ruleA,5,2012-06-29,48,3.3835941145833335,4.22749394180074,4.054741071368031,-0.8438998272174064,-0.6711469567846979
best_accuracy_ruleA,5,2012-06-30,48,2.9133323829166664,2.306674613160695,2.242054505455681,0.6066577697559717,0.6712778774609859
best_accuracy_ruleA,1,2012-07-01,48,2.5759667938541666,2.3305419293011616,2.2860956385906137,0.24542486455300516,0.28987115526355295
best_accuracy_ruleA,3,2012-07-02,42,2.9145822404761907,2.213233888629027,2.205274968699485,0.7013483518471633,0.7093072717767058
best_accuracy_ruleA,3,2012-07-03,48,2.5154627541666668,2.1381293162096413,2.1350097996955846,0.3773334379570254,0.3804529544710822
best_accuracy_ruleA,4,2012-07-04,48,2.6683533291666666,2.510758036056393,2.440225948884697,0.15759529311027348,0.22812738028196977
best_accuracy_ruleA,3,2012-07-05,48,3.0286032791666666,2.6249872084732053,2.5987395782799134,0.4036160706934611,0.4298637008867534
best_accuracy_ruleA,1,2012-07-06,46,2.6821343260869566,2.159885942336985,2.069349011214689,0.5222483837499713,0.6127853148722676
best_accuracy_ruleA,1,2012-07-07,44,3.637924677272727,1.8671150548832813,1.7103891534914126,1.7708096223894458,1.9275355237813145
best_accuracy_ruleA,4,2012-07-08,46,2.952379802173913,0.985631767770109,1.1883919786122341,1.966748034403804,1.763987823561679
best_accuracy_ruleA,3,2012-07-09,48,2.5226163520833333,1.6036320291193535,1.6653041545992882,0.9189843229639797,0.857312197484045
best_accuracy_ruleA,2,2012-07-10,48,3.164615041458333,2.104310586490079,1.7090268405356055,1.060304454968254,1.4555882009227277
best_accuracy_ruleA,3,2012-07-11,48,3.165003675,2.0291673226664173,2.082155721662891,1.1358363523335828,1.0828479533371087
best_accuracy_ruleA,5,2012-07-12,48,2.8945481479166664,2.54508291826446,2.470839154276737,0.3494652296522067,0.42370899363992964
best_accuracy_ruleA,5,2012-07-13,48,2.438382886875,2.060376914014905,2.0281837058313363,0.37800597286009535,0.4101991810436638
best_accuracy_ruleA,4,2012-07-14,48,2.6562699875,1.6127081695285517,1.7711623013175446,1.0435618179714485,0.8851076861824554
best_accuracy_ruleA,5,2012-07-15,48,3.2690944749999997,3.2782547625714717,3.170598754379963,-0.009160287571471915,0.09849572062003677
best_accuracy_ruleA,5,2012-07-16,48,3.3365409666666666,4.2490977414249,4.0764882581442,-0.9125567747582327,-0.7399472914775332
best_accuracy_ruleA,5,2012-07-17,47,3.506454780851064,4.492953466959105,4.317923411634521,-0.9864986861080414,-0.8114686307834564
best_accuracy_ruleA,2,2012-07-18,48,4.31823554375,4.477299560470384,4.5590818603157475,-0.1590640167203845,-0.24084631656574765
best_accuracy_ruleA,3,2012-07-19,48,4.235942120833333,4.861238264307914,4.757970350957044,-0.6252961434745808,-0.5220282301237108
best_accuracy_ruleA,4,2012-07-20,48,4.197089585416667,5.225028272409648,4.83031218651517,-1.0279386869929805,-0.6332226010985031
best_accuracy_ruleA,1,2012-07-21,48,3.581241858333333,3.7845629522777053,3.7565503021896176,-0.20332109394437237,-0.17530844385628394
best_accuracy_ruleA,3,2012-07-22,48,3.47300988125,3.657223474936442,3.6385426088725654,-0.18421359368644188,-0.16553272762256535
best_accuracy_ruleA,3,2012-07-23,48,3.6027254916666664,3.3320908595469168,3.339567335245132,0.2706346321197497,0.2631581564215349
best_accuracy_ruleA,5,2012-07-24,48,3.5953668183333334,2.8081655598305417,2.81963467699884,0.7872012585027913,0.7757321413344934
best_accuracy_ruleA,4,2012-07-25,48,4.1132118166666665,4.1748679680615615,3.9611503297204855,-0.0616561513948952,0.15206148694618127
best_accuracy_ruleA,3,2012-07-26,47,4.945090108510638,5.397210226817868,5.284683486602992,-0.4521201183072297,-0.3395933780923534
best_accuracy_ruleA,5,2012-07-27,46,4.631375795652175,5.19834037812017,5.056988622409703,-0.5669645824679954,-0.425612826757529
best_accuracy_ruleA,5,2012-07-28,48,5.015409016666667,5.159653342321088,5.02052188546335,-0.1442443256544216,-0.005112868796683878
best_accuracy_ruleA,1,2012-07-29,48,5.191188340208334,3.8813214919510295,3.7182751456426124,1.3098668482573042,1.4729131945657212
best_accuracy_ruleA,1,2012-07-30,48,5.172252041666667,4.017701585206545,3.774791695588,1.1545504564601217,1.3974603460786665
best_accuracy_ruleA,5,2012-07-31,48,6.134338235416667,4.018283359441484,3.89433035665696,2.1160548759751827,2.2400078787597066
best_accuracy_ruleA,5,2012-08-01,48,6.280896235416667,4.393034397375268,4.256129117131843,1.8878618380413987,2.024767118284823
best_accuracy_ruleA,2,2012-08-02,48,6.6504443,4.879655829872073,4.565733752908195,1.770788470127927,2.084710547091804
best_accuracy_ruleA,4,2012-08-03,48,7.160892158333333,5.489133267641588,5.307445136419538,1.6717588906917458,1.853447021913795
best_accuracy_ruleA,3,2012-08-04,48,6.567858770833333,4.706385294370581,4.727470103605846,1.8614734764627514,1.8403886672274876
best_accuracy_ruleA,3,2012-08-05,48,6.946719375,3.7287661707229045,3.839228468603519,3.2179532042770957,3.1074909063964804
best_accuracy_ruleA,4,2012-08-06,48,5.922653764583334,2.1282836767581808,2.3168033800514976,3.7943700878251527,3.6058503845318355
best_accuracy_ruleA,4,2012-08-07,48,7.153456070833333,3.0359793858475883,3.2366934222604127,4.1174766849857445,3.9167626485729206
best_accuracy_ruleA,3,2012-08-08,48,7.373567145833333,5.907904568365663,5.9961212236795305,1.4656625774676695,1.3774459221538027
best_accuracy_ruleA,2,2012-08-09,47,7.0186513255319145,5.909395050890689,5.3510234287397,1.1092562746412262,1.6676278967922147
best_accuracy_ruleA,5,2012-08-10,48,6.428932797916667,5.1033830548259695,4.981402806703795,1.3255497430906968,1.4475299912128714
best_accuracy_ruleA,2,2012-08-11,48,6.577051102083334,5.701498271344659,5.060012682775539,0.8755528307386745,1.5170384193077948
best_accuracy_ruleA,1,2012-08-12,48,6.641491183333333,5.5132796858275155,5.3276095192047235,1.128211497505818,1.31388166412861
best_accuracy_ruleA,2,2012-08-13,48,7.441026860416667,7.402495689995984,7.125537591328276,0.03853117042068264,0.31548926908839064
best_accuracy_ruleA,3,2012-08-14,44,5.585122643181818,5.797833532343257,5.827282543352791,-0.21271088916143907,-0.24215990017097236
best_accuracy_ruleA,5,2012-08-15,48,6.8359822562499994,7.684209342888537,7.420115194451799,-0.8482270866385379,-0.5841329382017982
best_accuracy_ruleA,4,2012-08-16,48,7.5789022125,8.827694308196827,8.14452211825279,-1.248792095696827,-0.5656199057527888
best_accuracy_ruleA,4,2012-08-17,48,7.50730011875,8.066319136092003,7.519955167435164,-0.5590190173420048,-0.012655048685164075
best_accuracy_ruleA,1,2012-08-18,48,6.590918335416667,6.461894345390412,6.326872503786514,0.12902399002625387,0.2640458316301529
best_accuracy_ruleA,1,2012-08-19,48,8.61395005625,9.363118269468849,9.217959470030285,-0.7491682132188497,-0.6040094137802855
best_accuracy_ruleA,3,2012-08-20,48,7.9814005833333335,8.120735871721127,8.09612901267806,-0.13933528838779363,-0.11472842934472773
best_accuracy_ruleA,2,2012-08-21,48,8.186272847916667,9.38183534120094,9.171049464865812,-1.1955624932842739,-0.9847766169491443
best_accuracy_ruleA,4,2012-08-22,48,7.327301362499999,11.19451982643111,10.283948316507283,-3.8672184639311085,-2.9566469540072835
best_accuracy_ruleA,5,2012-08-23,48,8.517630725,9.97743806574949,9.605091111250108,-1.4598073407494898,-1.0874603862501078
best_accuracy_ruleA,5,2012-08-24,48,8.681626145833333,11.519223426791763,11.006431905329123,-2.83759728095843,-2.324805759495788
best_accuracy_ruleA,1,2012-08-25,48,9.249283554166666,8.765202428766264,8.412532879113646,0.48408112540040255,0.8367506750530191
best_accuracy_ruleA,4,2012-08-26,48,9.87117175,12.03778784737778,11.242530554491553,-2.166616097377781,-1.3713588044915543
best_accuracy_ruleA,4,2012-08-27,48,10.066777154166667,14.11287059237535,12.897696207492737,-4.046093438208682,-2.830919053326072
best_accuracy_ruleA,2,2012-08-28,48,9.852360588333333,16.161103044721578,18.37416797967324,-6.308742456388244,-8.521807391339905
best_accuracy_ruleA,1,2012-08-29,48,21.97209148125,14.689201648954425,16.86814835888701,7.282889832295575,5.103943122362994
best_accuracy_ruleA,2,2012-08-30,48,28.967427914583336,16.412106193804167,19.088598877057677,12.555321720779167,9.878829037525657
best_accuracy_ruleA,4,2012-08-31,48,13.058101424999998,16.48184613557316,15.406887394487674,-3.4237447105731587,-2.3487859694876723
best_accuracy_ruleA,5,2012-09-01,46,6.837848882608696,4.138830841045937,5.036493068231946,2.699018041562758,1.8013558143767496
best_accuracy_ruleA,1,2012-09-02,39,2.226128878205128,2.555885696923815,1.9924594034220644,-0.329756818718687,0.23366947478306385
best_accuracy_ruleA,2,2012-09-03,44,2.9446648161363638,3.188384873584725,3.1862802378622685,-0.24372005744836175,-0.24161542172590497
best_accuracy_ruleA,2,2012-09-04,37,2.855260219216216,4.854278553192452,5.067371569654145,-1.9990183339762355,-2.2121113504379286
best_accuracy_ruleA,5,2012-09-05,31,2.949354112903226,4.342901900368425,4.9553515738171665,-1.3935477874651991,-2.005997460913941
best_accuracy_ruleA,3,2012-09-06,38,2.514661660526316,2.718415242179096,2.9525596761992747,-0.20375358165278018,-0.4378980156729589
best_accuracy_ruleA,1,2012-09-07,42,1.6679321140476189,4.460625029778332,3.3744496465900884,-2.7926929157307128,-1.706517532542469
best_accuracy_ruleA,4,2012-09-08,48,3.0139437527083337,3.2041017508949063,3.049162587295418,-0.1901579981865731,-0.035218834587084726
best_accuracy_ruleA,2,2012-09-09,48,4.418429550208333,3.612451014096959,3.6604134786040494,0.8059785361113745,0.7580160716042837
best_accuracy_ruleA,5,2012-09-10,16,2.077358675,2.4612194827764298,2.5563862880181762,-0.38386080777642967,-0.47902761301817626
